generic_name,drug_category
0.9 % SODIUM CHLORIDE,Other/Supportive Care
AA 3.31 %/D9.8W/FAT/E-LYTES 10,Other/Supportive Care
AA 4.25 %/CALCIUM/LYTES/D25W,Other/Supportive Care
AA 4.25 %/CALCIUM/LYTES/D5W,Other/Supportive Care
AA 5 %/CALCIUM/LYTES/DEXT 20 %,Other/Supportive Care
AA 5%/D15W/ELECTROLYTES,Other/Supportive Care
ABACAVIR SULFATE,Other/Supportive Care
ABACAVIR SULFATE/LAMIVUDINE,Other/Supportive Care
ABACAVIR/DOLUTEGRAVIR/LAMIVUDI,Other/Supportive Care
ABACAVIR/LAMIVUDINE/ZIDOVUDINE,Other/Supportive Care
ABALOPARATIDE,Other/Supportive Care
ABATACEPT,Immunosuppressants/Biologics
ABATACEPT/MALTOSE,Immunosuppressants/Biologics
ABEMACICLIB,Other/Supportive Care
ABIRATERONE ACETATE,Other/Supportive Care
ABOBOTULINUMTOXINA,Other/Supportive Care
ACALABRUTINIB,Other/Supportive Care
ACAMPROSATE CALCIUM,Other/Supportive Care
ACARBOSE,Endocrine/Metabolic
ACEBUTOLOL HCL,Other/Supportive Care
ACETAMINOPHEN WITH CODEINE,Pain/Analgesics/Antiinflammatory
ACETAMINOPHEN/CAFF/DIHYDROCOD,Pain/Analgesics/Antiinflammatory
ACETAZOLAMIDE,Other/Supportive Care
ACETAZOLAMIDE SODIUM,Other/Supportive Care
ACETIC ACID,Other/Supportive Care
ACETIC ACID/ALUMINUM ACETATE,Other/Supportive Care
ACETOHYDROXAMIC ACID,Other/Supportive Care
ACETYLCYSTEINE,Other/Supportive Care
ACITRETIN,Dermatological
ACLIDINIUM BROMIDE,Other/Supportive Care
ACYCLOVIR,Antibiotics/Antiinfectives
ACYCLOVIR SODIUM,Antibiotics/Antiinfectives
ACYCLOVIR/HYDROCORTISONE,Antibiotics/Antiinfectives
ADALIMUMAB,Immunosuppressants/Biologics
ADAPALENE,Dermatological
ADAPALENE/BENZOYL PEROXIDE,Dermatological
ADEFOVIR DIPIVOXIL,Other/Supportive Care
ADO-TRASTUZUMAB EMTANSINE,Oncology
AFATINIB DIMALEATE,Other/Supportive Care
AFLIBERCEPT,Other/Supportive Care
AGALSIDASE BETA,Other/Supportive Care
ALBENDAZOLE,Other/Supportive Care
ALBIGLUTIDE,Other/Supportive Care
ALBUMIN HUMAN,Immunosuppressants/Biologics
ALBUTEROL SULFATE,Respiratory/Pulmonary
ALCAFTADINE,Other/Supportive Care
ALCLOMETASONE DIPROPIONATE,Other/Supportive Care
ALCOHOL ANTISEPTIC PADS,Other/Supportive Care
ALDESLEUKIN,Other/Supportive Care
ALECTINIB HCL,Other/Supportive Care
ALEMTUZUMAB,Other/Supportive Care
ALENDRONATE SODIUM,Other/Supportive Care
ALENDRONATE SODIUM/VITAMIN D3,Other/Supportive Care
ALFUZOSIN HCL,Other/Supportive Care
ALGLUCOSIDASE ALFA,Other/Supportive Care
ALIROCUMAB,Other/Supportive Care
ALISKIREN HEMIFUMARATE,Other/Supportive Care
ALISKIREN/HYDROCHLOROTHIAZIDE,Cardiovascular
ALITRETINOIN,Dermatological
ALLOPURINOL,Other/Supportive Care
ALMOTRIPTAN MALATE,Other/Supportive Care
ALOGLIPTIN BENZ/METFORMIN HCL,Endocrine/Metabolic
ALOGLIPTIN BENZ/PIOGLITAZONE,Endocrine/Metabolic
ALOGLIPTIN BENZOATE,Other/Supportive Care
ALOSETRON HCL,Other/Supportive Care
ALPHA-1-PROTEINASE INHIBITOR,Other/Supportive Care
ALPRAZOLAM,Neurological/Neuropsychiatric
ALPROSTADIL,Other/Supportive Care
ALTRETAMINE,Other/Supportive Care
AMANTADINE HCL,Other/Supportive Care
AMBRISENTAN,Other/Supportive Care
AMCINONIDE,Other/Supportive Care
AMIKACIN SULFATE,Other/Supportive Care
AMILORIDE HCL,Other/Supportive Care
AMILORIDE/HYDROCHLOROTHIAZIDE,Cardiovascular
AMINO ACID 4.25 %/DEXTROSE 25%,Other/Supportive Care
AMINO ACIDS 5 %/DEXTROSE 15 %,Other/Supportive Care
AMINO ACIDS 5 %/DEXTROSE 25 %,Other/Supportive Care
AMINOCAPROIC ACID,Other/Supportive Care
AMINOLEVULINIC ACID HCL,Other/Supportive Care
AMINOPHYLLINE,Other/Supportive Care
AMINOSALICYLIC ACID,Dermatological
AMIODARONE HCL,Other/Supportive Care
AMITRIPTYLINE HCL,Neurological/Neuropsychiatric
AMITRIPTYLINE/CHLORDIAZEPOXIDE,Neurological/Neuropsychiatric
AMLODIPINE BES/OLMESARTAN MED,Cardiovascular
AMLODIPINE BESYLATE,Cardiovascular
AMLODIPINE BESYLATE/BENAZEPRIL,Cardiovascular
AMLODIPINE BESYLATE/VALSARTAN,Cardiovascular
AMLODIPINE/ATORVASTATIN,Cardiovascular
AMLODIPINE/VALSARTAN/HCTHIAZID,Cardiovascular
AMMONIUM LACTATE,Other/Supportive Care
AMOXAPINE,Other/Supportive Care
AMOXICILLIN,Other/Supportive Care
AMOXICILLIN/POTASSIUM CLAV,Other/Supportive Care
AMPHETAMINE,Other/Supportive Care
AMPHETAMINE SULFATE,Other/Supportive Care
AMPHOTERICIN B,Other/Supportive Care
AMPHOTERICIN B LIPID COMPLEX,Other/Supportive Care
AMPHOTERICIN B LIPOSOME,Other/Supportive Care
AMPICILLIN SODIUM,Antibiotics/Antiinfectives
AMPICILLIN SODIUM/SULBACTAM NA,Antibiotics/Antiinfectives
AMPICILLIN TRIHYDRATE,Antibiotics/Antiinfectives
ANAGRELIDE HCL,Other/Supportive Care
ANAKINRA,Immunosuppressants/Biologics
ANASTROZOLE,Other/Supportive Care
ANIDULAFUNGIN,Other/Supportive Care
ANTHRALIN,Other/Supportive Care
APIXABAN,Other/Supportive Care
APOMORPHINE HCL,Pain/Analgesics/Antiinflammatory
APRACLONIDINE HCL,Other/Supportive Care
APREMILAST,Other/Supportive Care
APREPITANT,Other/Supportive Care
ARFORMOTEROL TARTRATE,Respiratory/Pulmonary
ARIPIPRAZOLE,Neurological/Neuropsychiatric
ARIPIPRAZOLE LAUROXIL,Neurological/Neuropsychiatric
ARMODAFINIL,Other/Supportive Care
ARTEMETHER/LUMEFANTRINE,Other/Supportive Care
ASENAPINE MALEATE,Other/Supportive Care
ASFOTASE ALFA,Other/Supportive Care
ASPIRIN,Cardiovascular
ASPIRIN/CAFFEIN/DIHYDROCODEINE,Cardiovascular
ASPIRIN/DIPYRIDAMOLE,Cardiovascular
ASPIRIN/OMEPRAZOLE,Cardiovascular
ATAZANAVIR SULFATE,Other/Supportive Care
ATAZANAVIR SULFATE/COBICISTAT,Other/Supportive Care
ATENOLOL,Other/Supportive Care
ATENOLOL/CHLORTHALIDONE,Other/Supportive Care
ATEZOLIZUMAB,Other/Supportive Care
ATOMOXETINE HCL,Other/Supportive Care
ATORVASTATIN CALCIUM,Cardiovascular
ATOVAQUONE,Other/Supportive Care
ATOVAQUONE/PROGUANIL HCL,Other/Supportive Care
ATROPINE SULFATE,Other/Supportive Care
AURANOFIN,Other/Supportive Care
AXITINIB,Other/Supportive Care
AZACITIDINE,Other/Supportive Care
AZATHIOPRINE,Immunosuppressants/Biologics
AZELAIC ACID,Other/Supportive Care
AZELASTINE HCL,Other/Supportive Care
AZELASTINE/FLUTICASONE,Respiratory/Pulmonary
AZILSARTAN MED/CHLORTHALIDONE,Other/Supportive Care
AZILSARTAN MEDOXOMIL,Other/Supportive Care
AZITHROMYCIN,Antibiotics/Antiinfectives
AZTREONAM,Other/Supportive Care
AZTREONAM LYSINE,Other/Supportive Care
AZTREONAM/DEXTROSE-WATER,Other/Supportive Care
B COMP NO3/FOLIC/C/BIOTIN/ZINC,Other/Supportive Care
B COMPLEX W-C NO.20/FOLIC ACID,Other/Supportive Care
BACITRACIN,Other/Supportive Care
BACITRACIN/POLYMYXIN B SULFATE,Other/Supportive Care
BACLOFEN,Pain/Analgesics/Antiinflammatory
BALANCED SALT IRRIG SOLN NO.2,Other/Supportive Care
BALSALAZIDE DISODIUM,Other/Supportive Care
BCG LIVE,Other/Supportive Care
"BCG VACCINE, LIVE/PF",Other/Supportive Care
BECAPLERMIN,Other/Supportive Care
BECLOMETHASONE DIPROPIONATE,Respiratory/Pulmonary
BEDAQUILINE FUMARATE,Other/Supportive Care
BELATACEPT,Other/Supportive Care
BELIMUMAB,Other/Supportive Care
BELINOSTAT,Other/Supportive Care
BENAZEPRIL HCL,Other/Supportive Care
BENAZEPRIL/HYDROCHLOROTHIAZIDE,Cardiovascular
BENDAMUSTINE HCL,Other/Supportive Care
BENZONATATE,Other/Supportive Care
BENZTROPINE MESYLATE,Other/Supportive Care
BEPOTASTINE BESILATE,Other/Supportive Care
BESIFLOXACIN HCL,Other/Supportive Care
BETAINE,Other/Supportive Care
"BETAMETHASONE ACETATE,SOD PHOS",Other/Supportive Care
BETAMETHASONE DIPROPIONATE,Other/Supportive Care
BETAMETHASONE VALERATE,Other/Supportive Care
BETAMETHASONE/PROPYLENE GLYC,Other/Supportive Care
BETAXOLOL HCL,Other/Supportive Care
BETHANECHOL CHLORIDE,Other/Supportive Care
BEVACIZUMAB,Oncology
BEXAROTENE,Other/Supportive Care
BEZLOTOXUMAB,Other/Supportive Care
BICALUTAMIDE,Other/Supportive Care
BIMATOPROST,Other/Supportive Care
BISMUTH/METRONID/TETRACYCLINE,Antibiotics/Antiinfectives
BISOPROLOL FUMARATE,Other/Supportive Care
BISOPROLOL/HYDROCHLOROTHIAZIDE,Cardiovascular
BLEOMYCIN SULFATE,Other/Supportive Care
BLINATUMOMAB,Other/Supportive Care
BORTEZOMIB,Oncology
BOSENTAN,Other/Supportive Care
BOSUTINIB,Other/Supportive Care
BREXPIPRAZOLE,Other/Supportive Care
BRIGATINIB,Other/Supportive Care
BRIMONIDINE TARTRATE,Other/Supportive Care
BRIMONIDINE TARTRATE/TIMOLOL,Other/Supportive Care
BRINZOLAMIDE,Other/Supportive Care
BRINZOLAMIDE/BRIMONIDINE TART,Other/Supportive Care
BRIVARACETAM,Other/Supportive Care
BRODALUMAB,Other/Supportive Care
BROMFENAC SODIUM,Other/Supportive Care
BROMOCRIPTINE MESYLATE,Other/Supportive Care
BROMPHENIRAMINE/PSEUDOEPHED/DM,Other/Supportive Care
BUDESONIDE,Respiratory/Pulmonary
BUDESONIDE/FORMOTEROL FUMARATE,Respiratory/Pulmonary
BUMETANIDE,Other/Supportive Care
BUPIVACAINE HCL,Other/Supportive Care
BUPIVACAINE HCL/PF,Other/Supportive Care
BUPRENORPHINE,Other/Supportive Care
BUPRENORPHINE HCL,Other/Supportive Care
BUPRENORPHINE HCL/NALOXONE HCL,Other/Supportive Care
BUPROPION HBR,Neurological/Neuropsychiatric
BUPROPION HCL,Neurological/Neuropsychiatric
BUSPIRONE HCL,Other/Supportive Care
BUSULFAN,Other/Supportive Care
BUTABARBITAL SODIUM,Other/Supportive Care
BUTALB/ACETAMINOPHEN/CAFFEINE,Pain/Analgesics/Antiinflammatory
BUTALBIT/ACETAMIN/CAFF/CODEINE,Pain/Analgesics/Antiinflammatory
BUTALBITAL/ACETAMINOPHEN,Pain/Analgesics/Antiinflammatory
BUTALBITAL/ASPIRIN/CAFFEINE,Cardiovascular
BUTENAFINE HCL,Other/Supportive Care
BUTOCONAZOLE NITRATE,Other/Supportive Care
BUTORPHANOL TARTRATE,Other/Supportive Care
C1 ESTERASE INHIBITOR,Other/Supportive Care
"C1 ESTERASE INHIBITOR, RECOMB",Other/Supportive Care
CABAZITAXEL,Oncology
CABERGOLINE,Other/Supportive Care
CABOZANTINIB S-MALATE,Other/Supportive Care
CALCIFEDIOL,Other/Supportive Care
CALCIPOTRIENE,Other/Supportive Care
CALCIPOTRIENE/BETAMETHASONE,Other/Supportive Care
"CALCITONIN,SALMON,SYNTHETIC",Other/Supportive Care
CALCITRIOL,Other/Supportive Care
CALCIUM ACETATE,Other/Supportive Care
CALCIUM CARB/MAG CARB/FOLIC AC,Other/Supportive Care
CALCIUM GLUCONATE,Other/Supportive Care
CANAGLIFLOZIN,Other/Supportive Care
CANAGLIFLOZIN/METFORMIN HCL,Endocrine/Metabolic
CANAKINUMAB/PF,Other/Supportive Care
CANDESARTAN CILEXETIL,Other/Supportive Care
CANDESARTAN/HYDROCHLOROTHIAZID,Other/Supportive Care
CAPECITABINE,Other/Supportive Care
CAPTOPRIL,Other/Supportive Care
CAPTOPRIL/HYDROCHLOROTHIAZIDE,Cardiovascular
CARBAMAZEPINE,Neurological/Neuropsychiatric
CARBIDOPA,Neurological/Neuropsychiatric
CARBIDOPA/LEVODOPA,Neurological/Neuropsychiatric
CARBIDOPA/LEVODOPA/ENTACAPONE,Neurological/Neuropsychiatric
CARBINOXAMINE MALEATE,Other/Supportive Care
CARBOPLATIN,Other/Supportive Care
CARFILZOMIB,Other/Supportive Care
CARGLUMIC ACID,Other/Supportive Care
CARIPRAZINE HCL,Other/Supportive Care
CARISOPRODOL,Other/Supportive Care
CARISOPRODOL/ASPIRIN,Cardiovascular
CARISOPRODOL/ASPIRIN/CODEINE,Cardiovascular
CARMUSTINE,Other/Supportive Care
CARTEOLOL HCL,Other/Supportive Care
CARVEDILOL,Other/Supportive Care
CARVEDILOL PHOSPHATE,Other/Supportive Care
CASPOFUNGIN ACETATE,Other/Supportive Care
CEFACLOR,Other/Supportive Care
CEFADROXIL,Other/Supportive Care
CEFAZOLIN SODIUM,Other/Supportive Care
"CEFAZOLIN SODIUM/DEXTROSE,ISO",Other/Supportive Care
CEFDINIR,Other/Supportive Care
CEFEPIME HCL,Other/Supportive Care
CEFEPIME HCL IN DEXTROSE 5 %,Other/Supportive Care
CEFEPIME IN ISO-OSM DEXTROSE,Other/Supportive Care
CEFIXIME,Other/Supportive Care
CEFOTAXIME SODIUM,Other/Supportive Care
CEFOTETAN DISODIUM,Other/Supportive Care
CEFOXITIN SODIUM,Other/Supportive Care
"CEFOXITIN SODIUM/DEXTROSE,ISO",Other/Supportive Care
CEFPODOXIME PROXETIL,Other/Supportive Care
CEFPROZIL,Other/Supportive Care
CEFTAROLINE FOSAMIL ACETATE,Other/Supportive Care
CEFTAZIDIME,Other/Supportive Care
CEFTAZIDIME IN DEXTROSE5%WATER,Other/Supportive Care
CEFTAZIDIME/AVIBACTAM,Other/Supportive Care
CEFTIBUTEN,Other/Supportive Care
CEFTOLOZANE/TAZOBACTAM,Other/Supportive Care
CEFTRIAXONE IN IS-OSM DEXTROSE,Other/Supportive Care
CEFTRIAXONE SODIUM,Other/Supportive Care
CEFUROXIME AXETIL,Other/Supportive Care
CEFUROXIME SODIUM,Other/Supportive Care
CELECOXIB,Pain/Analgesics/Antiinflammatory
CEPHALEXIN,Antibiotics/Antiinfectives
CERITINIB,Other/Supportive Care
CERTOLIZUMAB PEGOL,Immunosuppressants/Biologics
CETIRIZINE HCL,Other/Supportive Care
CETUXIMAB,Other/Supportive Care
CEVIMELINE HCL,Other/Supportive Care
CHENODIOL,Other/Supportive Care
CHLORAMBUCIL,Other/Supportive Care
CHLORDIAZEPOXIDE HCL,Other/Supportive Care
CHLORDIAZEPOXIDE/CLIDINIUM BR,Other/Supportive Care
CHLORHEXIDINE GLUCONATE,Other/Supportive Care
CHLOROQUINE PHOSPHATE,Other/Supportive Care
CHLOROTHIAZIDE,Other/Supportive Care
CHLOROTHIAZIDE SODIUM,Other/Supportive Care
CHLORPROMAZINE HCL,Other/Supportive Care
CHLORPROPAMIDE,Other/Supportive Care
CHLORTHALIDONE,Other/Supportive Care
CHLORZOXAZONE,Other/Supportive Care
CHOLESTYRAMINE (WITH SUGAR),Other/Supportive Care
CHOLESTYRAMINE/ASPARTAME,Other/Supportive Care
"CHORIONIC GONADOTROPIN, HUMAN",Other/Supportive Care
CICLESONIDE,Other/Supportive Care
CICLOPIROX,Other/Supportive Care
CICLOPIROX OLAMINE,Other/Supportive Care
CICLOPIROX/UREA/CAMPH/MEN/EUC,Other/Supportive Care
CIDOFOVIR,Other/Supportive Care
CILOSTAZOL,Other/Supportive Care
CIMETIDINE,Gastrointestinal
CIMETIDINE HCL,Gastrointestinal
CINACALCET HCL,Other/Supportive Care
CIPROFLOXACIN,Antibiotics/Antiinfectives
CIPROFLOXACIN HCL,Antibiotics/Antiinfectives
CIPROFLOXACIN HCL/DEXAMETH,Antibiotics/Antiinfectives
CIPROFLOXACIN HCL/FLUOCINOLONE,Antibiotics/Antiinfectives
CIPROFLOXACIN IN 5 % DEXTROSE,Antibiotics/Antiinfectives
CIPROFLOXACIN LACTATE,Antibiotics/Antiinfectives
CIPROFLOXACIN/CIPROFLOXA HCL,Antibiotics/Antiinfectives
CIPROFLOXACIN/HYDROCORTISONE,Antibiotics/Antiinfectives
CISPLATIN,Other/Supportive Care
CITALOPRAM HYDROBROMIDE,Neurological/Neuropsychiatric
CITRIC AC/GLUCONOLACT/MAG CARB,Other/Supportive Care
CITRIC ACID/SODIUM CITRATE,Other/Supportive Care
CLARITHROMYCIN,Antibiotics/Antiinfectives
CLEMASTINE FUMARATE,Other/Supportive Care
CLINDAMYCIN HCL,Other/Supportive Care
CLINDAMYCIN IN 0.9 % SOD CHLOR,Other/Supportive Care
CLINDAMYCIN PALMITATE HCL,Other/Supportive Care
CLINDAMYCIN PHOS/BENZOYL PEROX,Other/Supportive Care
CLINDAMYCIN PHOSPHATE,Other/Supportive Care
CLINDAMYCIN PHOSPHATE/D5W,Other/Supportive Care
CLINDAMYCIN/TRETINOIN,Dermatological
CLOBAZAM,Other/Supportive Care
CLOBETASOL PROPIONATE,Dermatological
CLOBETASOL PROPIONATE/EMOLL,Dermatological
CLOCORTOLONE PIVALATE,Other/Supportive Care
CLOMIPHENE CITRATE,Other/Supportive Care
CLOMIPRAMINE HCL,Other/Supportive Care
CLONAZEPAM,Neurological/Neuropsychiatric
CLONIDINE,Other/Supportive Care
CLONIDINE HCL,Other/Supportive Care
CLOPIDOGREL BISULFATE,Cardiovascular
CLORAZEPATE DIPOTASSIUM,Other/Supportive Care
CLOTRIMAZOLE,Antibiotics/Antiinfectives
CLOTRIMAZOLE/BETAMETHASONE DIP,Antibiotics/Antiinfectives
CLOZAPINE,Neurological/Neuropsychiatric
COBICISTAT,Other/Supportive Care
COBIMETINIB FUMARATE,Other/Supportive Care
CODEINE PHOSPHATE/GUAIFENESIN,Pain/Analgesics/Antiinflammatory
CODEINE SULFATE,Pain/Analgesics/Antiinflammatory
CODEINE/BUTALBITAL/ASA/CAFFEIN,Pain/Analgesics/Antiinflammatory
COLCHICINE,Other/Supportive Care
COLESEVELAM HCL,Other/Supportive Care
COLESTIPOL HCL,Other/Supportive Care
COLISTIN (COLISTIMETHATE NA),Other/Supportive Care
COLLAGENASE CLOSTRIDIUM HIST.,Other/Supportive Care
COPPER,Other/Supportive Care
CORTICOTROPIN,Other/Supportive Care
CORTISONE ACETATE,Other/Supportive Care
CRISABOROLE,Other/Supportive Care
CRIZOTINIB,Other/Supportive Care
CROFELEMER,Other/Supportive Care
CROMOLYN SODIUM,Respiratory/Pulmonary
CROTAMITON,Other/Supportive Care
CYANOCOBALAMIN (VITAMIN B-12),Other/Supportive Care
CYANOCOBALAMIN/FOLIC AC/VIT B6,Other/Supportive Care
CYCLOBENZAPRINE HCL,Pain/Analgesics/Antiinflammatory
CYCLOPENTOLATE HCL,Other/Supportive Care
CYCLOPENTOLATE/PHENYLEPHRINE,Other/Supportive Care
CYCLOPHOSPHAMIDE,Other/Supportive Care
CYCLOSERINE,Other/Supportive Care
CYCLOSPORINE,Immunosuppressants/Biologics
"CYCLOSPORINE, MODIFIED",Immunosuppressants/Biologics
CYPROHEPTADINE HCL,Other/Supportive Care
CYSTEAMINE BITARTRATE,Other/Supportive Care
CYSTEAMINE HCL,Other/Supportive Care
CYTARABINE,Other/Supportive Care
CYTARABINE/PF,Other/Supportive Care
CYTOMEGALOVIRUS IMMUNE GLOBULN,Other/Supportive Care
DABIGATRAN ETEXILATE MESYLATE,Other/Supportive Care
DABRAFENIB MESYLATE,Other/Supportive Care
DACARBAZINE,Other/Supportive Care
DACLATASVIR DIHYDROCHLORIDE,Other/Supportive Care
DACLIZUMAB,Other/Supportive Care
DALBAVANCIN HCL,Other/Supportive Care
DALFAMPRIDINE,Other/Supportive Care
"DALTEPARIN SODIUM,PORCINE",Other/Supportive Care
DANAZOL,Other/Supportive Care
DANTROLENE SODIUM,Other/Supportive Care
DAPAGLIFLOZIN PROPANEDIOL,Other/Supportive Care
DAPAGLIFLOZIN/METFORMIN HCL,Endocrine/Metabolic
DAPSONE,Other/Supportive Care
DAPTOMYCIN,Other/Supportive Care
DARATUMUMAB,Other/Supportive Care
DARBEPOETIN ALFA IN POLYSORBAT,Other/Supportive Care
DARIFENACIN HYDROBROMIDE,Other/Supportive Care
DARUNAVIR ETHANOLATE,Other/Supportive Care
DARUNAVIR/COBICISTAT,Other/Supportive Care
DASATINIB,Oncology
DECITABINE,Other/Supportive Care
DEFERASIROX,Other/Supportive Care
DEFERIPRONE,Other/Supportive Care
DEFEROXAMINE MESYLATE,Other/Supportive Care
DEFLAZACORT,Other/Supportive Care
DEGARELIX ACETATE,Other/Supportive Care
DELAVIRDINE MESYLATE,Other/Supportive Care
DEMECLOCYCLINE HCL,Other/Supportive Care
DENOSUMAB,Other/Supportive Care
DESIPRAMINE HCL,Other/Supportive Care
DESLORATADINE,Other/Supportive Care
DESLORATADINE/PSEUDOEPHEDRINE,Other/Supportive Care
DESMOPRESSIN (NONREFRIGERATED),Other/Supportive Care
DESMOPRESSIN ACETATE,Other/Supportive Care
DESOG-E.ESTRADIOL/E.ESTRADIOL,Other/Supportive Care
DESOGESTREL-ETHINYL ESTRADIOL,Other/Supportive Care
DESONIDE,Other/Supportive Care
DESOXIMETASONE,Other/Supportive Care
DESVENLAFAXINE,Neurological/Neuropsychiatric
DESVENLAFAXINE SUCCINATE,Neurological/Neuropsychiatric
DEUTETRABENAZINE,Other/Supportive Care
DEXAMETHASONE,Other/Supportive Care
DEXAMETHASONE SOD PHOSPHATE,Other/Supportive Care
DEXAMETHASONE SODIUM PHOSP/PF,Other/Supportive Care
DEXLANSOPRAZOLE,Gastrointestinal
DEXMETHYLPHENIDATE HCL,Other/Supportive Care
DEXTROAMPHETAMINE SULFATE,Other/Supportive Care
DEXTROAMPHETAMINE/AMPHETAMINE,Other/Supportive Care
DEXTROMETHORPHAN HBR/QUINIDINE,Other/Supportive Care
DEXTROSE 10 % IN WATER,Other/Supportive Care
DEXTROSE 20 % IN WATER,Other/Supportive Care
DEXTROSE 5 % AND 0.9 % NACL,Other/Supportive Care
DEXTROSE 5 % IN WATER,Other/Supportive Care
DEXTROSE 5 %-0.2 % SOD CHLORID,Other/Supportive Care
DEXTROSE 5 %-0.45 % SOD CHLORD,Other/Supportive Care
DEXTROSE 5%-LACTATED RINGERS,Other/Supportive Care
DEXTROSE 50 % IN WATER,Other/Supportive Care
DEXTROSE 70 % IN WATER,Other/Supportive Care
DIAZEPAM,Neurological/Neuropsychiatric
DIAZOXIDE,Other/Supportive Care
DICHLORPHENAMIDE,Other/Supportive Care
DICLOFENAC EPOLAMINE,Pain/Analgesics/Antiinflammatory
DICLOFENAC POTASSIUM,Pain/Analgesics/Antiinflammatory
DICLOFENAC SODIUM,Pain/Analgesics/Antiinflammatory
DICLOFENAC SODIUM/MISOPROSTOL,Pain/Analgesics/Antiinflammatory
DICLOFENAC SUBMICRONIZED,Pain/Analgesics/Antiinflammatory
DICLOXACILLIN SODIUM,Other/Supportive Care
DICYCLOMINE HCL,Gastrointestinal
DIDANOSINE,Other/Supportive Care
DIFLORASONE DIACETATE,Other/Supportive Care
DIFLORASONE DIACETATE/EMOLL,Other/Supportive Care
DIFLUNISAL,Other/Supportive Care
DIFLUPREDNATE,Other/Supportive Care
DIGOXIN,Cardiovascular
DIHYDROERGOTAMINE MESYLATE,Other/Supportive Care
DILTIAZEM HCL,Cardiovascular
DIMENHYDRINATE,Other/Supportive Care
DIMETHYL FUMARATE,Other/Supportive Care
DIMETHYL SULFOXIDE,Other/Supportive Care
"DIPH,PERTUS(ACEL),TET,POLIO/PF",Other/Supportive Care
"DIPH,PERTUSS(ACELL),TET PED/PF",Other/Supportive Care
"DIPH,PERTUSS(ACELL),TET VAC/PF",Other/Supportive Care
DIPHENHYDRAMINE HCL,Other/Supportive Care
DIPHENOXYLATE HCL/ATROPINE,Other/Supportive Care
"DIPHT,PERT(A),TET-POLIO/HIB/PF",Other/Supportive Care
"DIPHTH,PERTUSS(ACELL),TET VAC",Other/Supportive Care
DIPYRIDAMOLE,Other/Supportive Care
DISOPYRAMIDE PHOSPHATE,Other/Supportive Care
DISULFIRAM,Other/Supportive Care
DIVALPROEX SODIUM,Other/Supportive Care
DOBUTAMINE HCL,Other/Supportive Care
DOBUTAMINE HCL IN DEXTROSE 5 %,Other/Supportive Care
DOCETAXEL,Oncology
DOFETILIDE,Other/Supportive Care
DOLASETRON MESYLATE,Other/Supportive Care
DOLUTEGRAVIR SODIUM,Other/Supportive Care
DOLUTEGRAVIR/RILPIVIRINE,Other/Supportive Care
DONEPEZIL HCL,Other/Supportive Care
DOPAMINE HCL,Other/Supportive Care
DORIPENEM,Other/Supportive Care
DORNASE ALFA,Other/Supportive Care
DORZOLAMIDE HCL,Other/Supportive Care
DORZOLAMIDE HCL/TIMOLOL MALEAT,Other/Supportive Care
DORZOLAMIDE/TIMOLOL/PF,Other/Supportive Care
DOXAZOSIN MESYLATE,Other/Supportive Care
DOXEPIN HCL,Other/Supportive Care
DOXERCALCIFEROL,Other/Supportive Care
DOXORUBICIN HCL,Other/Supportive Care
DOXORUBICIN HCL PEG-LIPOSOMAL,Other/Supportive Care
DOXYCYCLINE CALCIUM,Antibiotics/Antiinfectives
DOXYCYCLINE HYCLATE,Antibiotics/Antiinfectives
DOXYCYCLINE MONOHYDRATE,Antibiotics/Antiinfectives
DRONABINOL,Other/Supportive Care
DRONEDARONE HCL,Other/Supportive Care
DROSPIR/ETH ESTRA/LEVOMEFOL CA,Other/Supportive Care
DROSPIRENONE/ESTRADIOL,Other/Supportive Care
DROXIDOPA,Other/Supportive Care
DULAGLUTIDE,Other/Supportive Care
DULOXETINE HCL,Neurological/Neuropsychiatric
DUPILUMAB,Other/Supportive Care
DURVALUMAB,Other/Supportive Care
DUTASTERIDE,Other/Supportive Care
DUTASTERIDE/TAMSULOSIN HCL,Other/Supportive Care
ECALLANTIDE,Other/Supportive Care
ECHOTHIOPHATE IODIDE,Other/Supportive Care
ECONAZOLE NITRATE,Other/Supportive Care
ECULIZUMAB,Other/Supportive Care
EDARAVONE,Other/Supportive Care
EDOXABAN TOSYLATE,Other/Supportive Care
EFAVIRENZ,Other/Supportive Care
EFAVIRENZ/EMTRICIT/TENOFOVR DF,Other/Supportive Care
EFINACONAZOLE,Other/Supportive Care
ELBASVIR/GRAZOPREVIR,Other/Supportive Care
ELECTROLYTE-A SOLUTION,Other/Supportive Care
ELECTROLYTE-R (PH 7.4),Other/Supportive Care
ELETRIPTAN HBR,Other/Supportive Care
ELIGLUSTAT TARTRATE,Other/Supportive Care
ELOSULFASE ALFA,Other/Supportive Care
ELOTUZUMAB,Other/Supportive Care
ELTROMBOPAG OLAMINE,Other/Supportive Care
ELUXADOLINE,Other/Supportive Care
ELVITEG/COB/EMTRI/TENOF ALAFEN,Other/Supportive Care
ELVITEG/COB/EMTRI/TENOFO DISOP,Other/Supportive Care
ELVITEGRAVIR,Other/Supportive Care
EMEDASTINE DIFUMARATE,Other/Supportive Care
EMPAGLIFLOZIN,Other/Supportive Care
EMPAGLIFLOZIN/LINAGLIPTIN,Endocrine/Metabolic
EMPAGLIFLOZIN/METFORMIN HCL,Endocrine/Metabolic
EMTRICITA/RILPIVIRINE/TENOF DF,Other/Supportive Care
EMTRICITAB/RILPIVIRI/TENOF ALA,Other/Supportive Care
EMTRICITABINE,Other/Supportive Care
EMTRICITABINE/TENOFOV ALAFENAM,Other/Supportive Care
EMTRICITABINE/TENOFOVIR (TDF),Other/Supportive Care
ENALAPRIL MALEATE,Cardiovascular
ENALAPRIL/HYDROCHLOROTHIAZIDE,Cardiovascular
ENASIDENIB MESYLATE,Other/Supportive Care
ENFUVIRTIDE,Other/Supportive Care
ENOXAPARIN SODIUM,Other/Supportive Care
ENTACAPONE,Other/Supportive Care
ENTECAVIR,Other/Supportive Care
ENZALUTAMIDE,Other/Supportive Care
EPINASTINE HCL,Other/Supportive Care
EPINEPHRINE,Other/Supportive Care
EPIRUBICIN HCL,Other/Supportive Care
EPLERENONE,Other/Supportive Care
EPOETIN ALFA,Other/Supportive Care
EPOPROSTENOL SODIUM (ARGININE),Other/Supportive Care
EPOPROSTENOL SODIUM (GLYCINE),Other/Supportive Care
EPROSARTAN MESYLATE,Other/Supportive Care
ERGOCALCIFEROL (VITAMIN D2),Other/Supportive Care
ERGOLOID MESYLATES,Other/Supportive Care
ERGOTAMINE TARTRATE,Other/Supportive Care
ERGOTAMINE TARTRATE/CAFFEINE,Other/Supportive Care
ERIBULIN MESYLATE,Other/Supportive Care
ERLOTINIB HCL,Oncology
ERTAPENEM SODIUM,Other/Supportive Care
ERYTHROMYCIN BASE,Antibiotics/Antiinfectives
ERYTHROMYCIN BASE/ETHANOL,Antibiotics/Antiinfectives
ERYTHROMYCIN ETHYLSUCCINATE,Antibiotics/Antiinfectives
ERYTHROMYCIN LACTOBIONATE,Antibiotics/Antiinfectives
ERYTHROMYCIN STEARATE,Antibiotics/Antiinfectives
ERYTHROMYCIN/BENZOYL PEROXIDE,Antibiotics/Antiinfectives
ESCITALOPRAM OXALATE,Neurological/Neuropsychiatric
ESLICARBAZEPINE ACETATE,Other/Supportive Care
ESOMEPRAZOLE MAGNESIUM,Gastrointestinal
ESOMEPRAZOLE SODIUM,Gastrointestinal
ESTAZOLAM,Other/Supportive Care
ESTRADIOL,Other/Supportive Care
ESTRADIOL ACETATE,Other/Supportive Care
ESTRADIOL CYPIONATE,Other/Supportive Care
ESTRADIOL VALERATE,Other/Supportive Care
ESTRADIOL VALERATE/DIENOGEST,Other/Supportive Care
ESTRADIOL/LEVONORGESTREL,Endocrine/Metabolic
ESTRADIOL/NORETHINDRONE ACET,Other/Supportive Care
ESTRADIOL/NORGESTIMATE,Other/Supportive Care
ESTRAMUSTINE PHOSPHATE SODIUM,Other/Supportive Care
"ESTROGEN,CON/M-PROGEST ACET",Endocrine/Metabolic
"ESTROGENS, CONJUGATED",Endocrine/Metabolic
"ESTROGENS,CONJ.,SYNTHETIC B",Endocrine/Metabolic
"ESTROGENS,CONJ/BAZEDOXIFENE",Endocrine/Metabolic
"ESTROGENS,ESTERIFIED",Endocrine/Metabolic
ESTROPIPATE,Other/Supportive Care
ESZOPICLONE,Other/Supportive Care
ETANERCEPT,Immunosuppressants/Biologics
ETEPLIRSEN,Other/Supportive Care
ETHACRYNIC ACID,Other/Supportive Care
ETHAMBUTOL HCL,Other/Supportive Care
ETHINYL ESTRADIOL/DROSPIRENONE,Other/Supportive Care
ETHIONAMIDE,Other/Supportive Care
ETHOSUXIMIDE,Other/Supportive Care
ETHOTOIN,Other/Supportive Care
ETHYNODIOL D-ETHINYL ESTRADIOL,Other/Supportive Care
ETIDRONATE DISODIUM,Other/Supportive Care
ETODOLAC,Other/Supportive Care
ETONOGESTREL,Other/Supportive Care
ETONOGESTREL/ETHINYL ESTRADIOL,Other/Supportive Care
ETOPOSIDE,Other/Supportive Care
ETRAVIRINE,Other/Supportive Care
EVEROLIMUS,Other/Supportive Care
EVOLOCUMAB,Other/Supportive Care
EXEMESTANE,Other/Supportive Care
EXENATIDE,Endocrine/Metabolic
EXENATIDE MICROSPHERES,Endocrine/Metabolic
EZETIMIBE,Other/Supportive Care
EZETIMIBE/SIMVASTATIN,Cardiovascular
EZOGABINE,Other/Supportive Care
FAMCICLOVIR,Other/Supportive Care
FAMOTIDINE,Gastrointestinal
"FAMOTIDINE IN NACL,ISO-OSM/PF",Gastrointestinal
FAMOTIDINE/PF,Gastrointestinal
FAT EMUL/SOY/MCT/OLIV/FISH OIL,Other/Supportive Care
FAT EMULSIONS,Other/Supportive Care
FEBUXOSTAT,Other/Supportive Care
FELBAMATE,Other/Supportive Care
FELODIPINE,Other/Supportive Care
FENOFIBRATE,Other/Supportive Care
FENOFIBRATE NANOCRYSTALLIZED,Other/Supportive Care
"FENOFIBRATE,MICRONIZED",Other/Supportive Care
FENOFIBRIC ACID,Other/Supportive Care
FENOFIBRIC ACID (CHOLINE),Other/Supportive Care
FENOPROFEN CALCIUM,Other/Supportive Care
FENTANYL,Pain/Analgesics/Antiinflammatory
FENTANYL CITRATE,Pain/Analgesics/Antiinflammatory
FENTANYL CITRATE/PF,Pain/Analgesics/Antiinflammatory
FERRIC CITRATE,Other/Supportive Care
FESOTERODINE FUMARATE,Other/Supportive Care
FEXOFENADINE HCL,Other/Supportive Care
FIBRINOGEN,Other/Supportive Care
FIDAXOMICIN,Other/Supportive Care
FILGRASTIM,Other/Supportive Care
FILGRASTIM-SNDZ,Other/Supportive Care
FINASTERIDE,Other/Supportive Care
FINGOLIMOD HCL,Immunosuppressants/Biologics
FLAVOXATE HCL,Other/Supportive Care
FLECAINIDE ACETATE,Other/Supportive Care
FLOXURIDINE,Other/Supportive Care
FLUCONAZOLE,Antibiotics/Antiinfectives
"FLUCONAZOLE IN DEXTROSE,ISO-OS",Antibiotics/Antiinfectives
"FLUCONAZOLE IN NACL,ISO-OSM",Antibiotics/Antiinfectives
FLUCYTOSINE,Other/Supportive Care
FLUDARABINE PHOSPHATE,Other/Supportive Care
FLUDROCORTISONE ACETATE,Other/Supportive Care
FLUMAZENIL,Other/Supportive Care
FLUNISOLIDE,Other/Supportive Care
FLUOCINOLONE ACETONIDE,Other/Supportive Care
FLUOCINOLONE ACETONIDE OIL,Other/Supportive Care
FLUOCINOLONE/SHOWER CAP,Other/Supportive Care
FLUOCINONIDE,Other/Supportive Care
FLUOCINONIDE/EMOLLIENT BASE,Other/Supportive Care
FLUORIDE (SODIUM),Other/Supportive Care
FLUOROMETHOLONE,Other/Supportive Care
FLUOROMETHOLONE ACETATE,Other/Supportive Care
FLUOROURACIL,Oncology
FLUOXETINE HCL,Neurological/Neuropsychiatric
FLUOXYMESTERONE,Other/Supportive Care
FLUPHENAZINE DECANOATE,Other/Supportive Care
FLUPHENAZINE HCL,Other/Supportive Care
FLURANDRENOLIDE,Other/Supportive Care
FLURAZEPAM HCL,Other/Supportive Care
FLURBIPROFEN,Other/Supportive Care
FLURBIPROFEN SODIUM,Other/Supportive Care
FLUTAMIDE,Other/Supportive Care
FLUTICASONE FUROATE,Respiratory/Pulmonary
FLUTICASONE PROPIONATE,Respiratory/Pulmonary
FLUTICASONE/SALMETEROL,Respiratory/Pulmonary
FLUTICASONE/UMECLIDIN/VILANTER,Respiratory/Pulmonary
FLUTICASONE/VILANTEROL,Respiratory/Pulmonary
FLUVASTATIN SODIUM,Cardiovascular
FLUVOXAMINE MALEATE,Other/Supportive Care
FOLIC ACID,Other/Supportive Care
FOLIC ACID/B CPLX/C/SELEN/ZINC,Other/Supportive Care
FOLIC ACID/VIT B COMPLEX AND C,Other/Supportive Care
FONDAPARINUX SODIUM,Other/Supportive Care
FORMOTEROL FUMARATE,Respiratory/Pulmonary
FOSAMPRENAVIR CALCIUM,Other/Supportive Care
FOSAPREPITANT DIMEGLUMINE,Other/Supportive Care
FOSFOMYCIN TROMETHAMINE,Other/Supportive Care
FOSINOPRIL SODIUM,Other/Supportive Care
FOSINOPRIL/HYDROCHLOROTHIAZIDE,Cardiovascular
FOSPHENYTOIN SODIUM,Neurological/Neuropsychiatric
FROVATRIPTAN SUCCINATE,Other/Supportive Care
FULVESTRANT,Other/Supportive Care
FUROSEMIDE,Cardiovascular
GABAPENTIN,Neurological/Neuropsychiatric
GABAPENTIN ENACARBIL,Neurological/Neuropsychiatric
GALANTAMINE HBR,Other/Supportive Care
GALSULFASE,Other/Supportive Care
GANCICLOVIR,Antibiotics/Antiinfectives
GANCICLOVIR SODIUM,Antibiotics/Antiinfectives
GATIFLOXACIN,Other/Supportive Care
GAUZE BANDAGE,Other/Supportive Care
GEFITINIB,Oncology
GEMCITABINE HCL,Other/Supportive Care
GEMFIBROZIL,Other/Supportive Care
"GENTAMICIN IN NACL, ISO-OSM",Other/Supportive Care
GENTAMICIN SULF/PREDNISOLONE,Other/Supportive Care
GENTAMICIN SULFATE,Other/Supportive Care
GENTAMICIN SULFATE/PF,Other/Supportive Care
GLATIRAMER ACETATE,Other/Supportive Care
GLECAPREVIR/PIBRENTASVIR,Other/Supportive Care
GLIMEPIRIDE,Other/Supportive Care
GLIPIZIDE,Endocrine/Metabolic
GLIPIZIDE/METFORMIN HCL,Endocrine/Metabolic
GLUCAGON HCL,Endocrine/Metabolic
"GLUCAGON,HUMAN RECOMBINANT",Endocrine/Metabolic
GLYBURIDE,Endocrine/Metabolic
"GLYBURIDE,MICRONIZED",Endocrine/Metabolic
GLYBURIDE/METFORMIN HCL,Endocrine/Metabolic
GLYCEROL PHENYLBUTYRATE,Other/Supportive Care
GLYCOPYRROLATE,Other/Supportive Care
GLYCOPYRROLATE/FORMOTEROL FUM,Respiratory/Pulmonary
GOLIMUMAB,Other/Supportive Care
GOSERELIN ACETATE,Other/Supportive Care
GR POL-ORC/SW VER/RYE/KENT/TIM,Other/Supportive Care
GRANISETRON,Gastrointestinal
GRANISETRON HCL,Gastrointestinal
GRANISETRON HCL/PF,Gastrointestinal
"GRASS POLLEN-TIMOTHY, STANDARD",Other/Supportive Care
GRISEOFULVIN ULTRAMICROSIZE,Other/Supportive Care
"GRISEOFULVIN, MICROSIZE",Other/Supportive Care
GUANFACINE HCL,Other/Supportive Care
GUANIDINE HCL,Other/Supportive Care
GUSELKUMAB,Other/Supportive Care
HAEMOPH B POLY CONJ-TET TOX/PF,Other/Supportive Care
HAEMPH B POLYSAC CONJ-MENIN/PF,Other/Supportive Care
HALCINONIDE,Other/Supportive Care
HALOBETASOL PROPIONATE,Other/Supportive Care
HALOPERIDOL,Neurological/Neuropsychiatric
HALOPERIDOL DECANOATE,Neurological/Neuropsychiatric
HALOPERIDOL LACTATE,Neurological/Neuropsychiatric
HEP B VACCINE/DP(A)T-POLIO/PF,Other/Supportive Care
"HEPARIN SOD,PORK IN 0.45% NACL",Other/Supportive Care
"HEPARIN SODIUM,PORCINE",Other/Supportive Care
"HEPARIN SODIUM,PORCINE/D5W",Other/Supportive Care
"HEPARIN SODIUM,PORCINE/PF",Other/Supportive Care
HEPATITIS A AND B VACCINE/PF,Other/Supportive Care
HEPATITIS A VIRUS VACCINE/PF,Other/Supportive Care
HEPATITIS B IMMUN GLOB/MALTOSE,Other/Supportive Care
HEPATITIS B IMMUNE GLOBULIN,Other/Supportive Care
HEPATITIS B VIRUS VACCINE/PF,Other/Supportive Care
HISTRELIN ACETATE,Other/Supportive Care
HOMATROPINE HBR,Other/Supportive Care
HPV VACCINE 9-VALENT/PF,Other/Supportive Care
"HUMAN PAPILOMVIRUS VAC,QVAL/PF",Other/Supportive Care
HYDRALAZINE HCL,Other/Supportive Care
HYDROCHLOROTHIAZIDE,Cardiovascular
HYDROCODONE BIT/HOMATROP ME-BR,Pain/Analgesics/Antiinflammatory
HYDROCODONE BITARTRATE,Pain/Analgesics/Antiinflammatory
HYDROCODONE/ACETAMINOPHEN,Pain/Analgesics/Antiinflammatory
HYDROCODONE/CHLORPHEN P-STIREX,Pain/Analgesics/Antiinflammatory
HYDROCODONE/IBUPROFEN,Pain/Analgesics/Antiinflammatory
"HYDROCORT/MIN OIL/PETROLAT,WHT",Other/Supportive Care
HYDROCORTISONE,Dermatological
HYDROCORTISONE ACETATE,Dermatological
HYDROCORTISONE BUTYRATE,Dermatological
HYDROCORTISONE BUTYRATE/EMOLL,Dermatological
HYDROCORTISONE PROBUTATE,Dermatological
HYDROCORTISONE SOD SUCCINATE,Dermatological
HYDROCORTISONE SODIUM SUCC/PF,Dermatological
HYDROCORTISONE VALERATE,Dermatological
HYDROCORTISONE/ACETIC ACID,Dermatological
HYDROCORTISONE/PRAMOXINE,Dermatological
HYDROMORPHONE HCL,Pain/Analgesics/Antiinflammatory
HYDROMORPHONE HCL/PF,Pain/Analgesics/Antiinflammatory
HYDROXYCHLOROQUINE SULFATE,Other/Supportive Care
HYDROXYPROGESTERONE CAPROAT/PF,Endocrine/Metabolic
HYDROXYPROGESTERONE CAPROATE,Endocrine/Metabolic
HYDROXYPROPYL CELLULOSE,Other/Supportive Care
HYDROXYUREA,Other/Supportive Care
HYDROXYZINE HCL,Other/Supportive Care
HYDROXYZINE PAMOATE,Other/Supportive Care
HYOSCYAMINE SULFATE,Gastrointestinal
IBANDRONATE SODIUM,Other/Supportive Care
IBRUTINIB,Other/Supportive Care
IBUPROFEN,Pain/Analgesics/Antiinflammatory
IBUPROFEN/FAMOTIDINE,Gastrointestinal
IBUPROFEN/OXYCODONE HCL,Pain/Analgesics/Antiinflammatory
ICATIBANT ACETATE,Other/Supportive Care
ICOSAPENT ETHYL,Other/Supportive Care
IDELALISIB,Other/Supportive Care
IDURSULFASE,Other/Supportive Care
IFOSFAMIDE,Other/Supportive Care
"IGG/HYALURONIDASE,RECOMBINANT",Other/Supportive Care
ILOPERIDONE,Other/Supportive Care
ILOPROST TROMETHAMINE,Other/Supportive Care
IMATINIB MESYLATE,Oncology
IMIGLUCERASE,Other/Supportive Care
IMIPENEM/CILASTATIN SODIUM,Other/Supportive Care
IMIPRAMINE HCL,Other/Supportive Care
IMIPRAMINE PAMOATE,Other/Supportive Care
IMIQUIMOD,Other/Supportive Care
IMM GLOB G (IGG)/SORB/IGA 0-50,Other/Supportive Care
IMMUN GLOB G(IGG)/GLY/IGA 0-50,Other/Supportive Care
IMMUN GLOB G(IGG)/GLY/IGA OV50,Other/Supportive Care
IMMUN GLOB G(IGG)/PRO/IGA 0-50,Other/Supportive Care
IMMUN GLOB G/GLY/GLUC/IGA 0-50,Other/Supportive Care
IMMUN GLOB G/SORB/GLY/IGA 0-50,Other/Supportive Care
IMMUN GLOBG(IGG)/MALT/IGA OV50,Other/Supportive Care
IMMUN GLOBG(IGG)/SUCR/IGA OV50,Other/Supportive Care
IMMUNE GLOBUL G (IGG)/GLYCINE,Other/Supportive Care
IMMUNE GLOBUL G/GLY/IGA AVG 46,Other/Supportive Care
INCOBOTULINUMTOXINA,Other/Supportive Care
INDACATEROL MALEATE,Other/Supportive Care
INDACATEROL/GLYCOPYRROLATE,Other/Supportive Care
INDAPAMIDE,Other/Supportive Care
INDINAVIR SULFATE,Other/Supportive Care
INDOMETHACIN,Pain/Analgesics/Antiinflammatory
"INDOMETHACIN, SUBMICRONIZED",Pain/Analgesics/Antiinflammatory
INFLIXIMAB,Immunosuppressants/Biologics
INFLIXIMAB-DYYB,Immunosuppressants/Biologics
INGENOL MEBUTATE,Other/Supportive Care
INSULIN ADMIN. SUPPLIES,Endocrine/Metabolic
INSULIN ASPART,Endocrine/Metabolic
INSULIN ASPART PROT/INSULN ASP,Endocrine/Metabolic
INSULIN DEGLUDEC,Endocrine/Metabolic
INSULIN DEGLUDEC/LIRAGLUTIDE,Endocrine/Metabolic
INSULIN DETEMIR,Endocrine/Metabolic
"INSULIN GLARGINE,HUM.REC.ANLOG",Endocrine/Metabolic
INSULIN GLARGINE/LIXISENATIDE,Endocrine/Metabolic
INSULIN GLULISINE,Endocrine/Metabolic
INSULIN LISPRO,Endocrine/Metabolic
INSULIN LISPRO PROTAMIN/LISPRO,Endocrine/Metabolic
INSULIN NPH HUM/REG INSULIN HM,Endocrine/Metabolic
INSULIN NPH HUMAN ISOPHANE,Endocrine/Metabolic
INSULIN PUMP CARTRIDGE,Endocrine/Metabolic
"INSULIN REGULAR, HUMAN",Endocrine/Metabolic
"INTERFERON ALFA-2B,RECOMB.",Other/Supportive Care
INTERFERON BETA-1A,Other/Supportive Care
INTERFERON BETA-1A/ALBUMIN,Immunosuppressants/Biologics
INTERFERON BETA-1B,Other/Supportive Care
"INTERFERON GAMMA-1B,RECOMB.",Other/Supportive Care
IPILIMUMAB,Other/Supportive Care
IPRATROPIUM BROMIDE,Respiratory/Pulmonary
IPRATROPIUM/ALBUTEROL SULFATE,Respiratory/Pulmonary
IRBESARTAN,Other/Supportive Care
IRBESARTAN/HYDROCHLOROTHIAZIDE,Cardiovascular
IRINOTECAN HCL,Other/Supportive Care
IRINOTECAN LIPOSOMAL,Other/Supportive Care
"IRON CARB,GL/FA/B12/C/DOCUSATE",Gastrointestinal
"IRON FUM,PS/FOLIC ACID/VITC/B3",Other/Supportive Care
"IRON FUM/FOLIC ACID/MV,MIN 15",Other/Supportive Care
"IRON,FM,PS/FOLIC/B,C18/L.CASEI",Other/Supportive Care
ISAVUCONAZONIUM SULFATE,Other/Supportive Care
ISOCARBOXAZID,Other/Supportive Care
ISONIAZID,Other/Supportive Care
ISOSORBIDE DINIT/HYDRALAZINE,Cardiovascular
ISOSORBIDE DINITRATE,Cardiovascular
ISOSORBIDE MONONITRATE,Cardiovascular
ISOTRETINOIN,Dermatological
ISRADIPINE,Other/Supportive Care
ITRACONAZOLE,Antibiotics/Antiinfectives
IVABRADINE HCL,Other/Supportive Care
IVACAFTOR,Other/Supportive Care
IVERMECTIN,Dermatological
IXABEPILONE,Other/Supportive Care
IXAZOMIB CITRATE,Other/Supportive Care
IXEKIZUMAB,Other/Supportive Care
JAPANESE ENCEPHALITIS VACC/PF,Other/Supportive Care
KETOCONAZOLE,Dermatological
KETOPROFEN,Other/Supportive Care
KETOROLAC TROMETHAMINE,Pain/Analgesics/Antiinflammatory
KETOROLAC TROMETHAMINE/PF,Pain/Analgesics/Antiinflammatory
L-NORGEST/E.ESTRADIOL-E.ESTRAD,Other/Supportive Care
LABETALOL HCL,Cardiovascular
LACOSAMIDE,Other/Supportive Care
LACTULOSE,Gastrointestinal
LAMIVUDINE,Other/Supportive Care
LAMIVUDINE/ZIDOVUDINE,Other/Supportive Care
LAMOTRIGINE,Neurological/Neuropsychiatric
LANCETS,Other/Supportive Care
LANREOTIDE ACETATE,Other/Supportive Care
LANSOPRAZOLE,Gastrointestinal
LANSOPRAZOLE/AMOXICILN/CLARITH,Gastrointestinal
LANTHANUM CARBONATE,Other/Supportive Care
LAPATINIB DITOSYLATE,Oncology
LARONIDASE,Other/Supportive Care
LATANOPROST,Other/Supportive Care
LATANOPROSTENE BUNOD,Other/Supportive Care
LEDIPASVIR/SOFOSBUVIR,Other/Supportive Care
LEFLUNOMIDE,Other/Supportive Care
LENALIDOMIDE,Oncology
LENVATINIB MESYLATE,Other/Supportive Care
LESINURAD,Other/Supportive Care
LESINURAD/ALLOPURINOL,Other/Supportive Care
LETROZOLE,Other/Supportive Care
LEUCOVORIN CALCIUM,Other/Supportive Care
LEUPROLIDE ACETATE,Other/Supportive Care
LEUPROLIDE/NORETHINDRONE ACET,Other/Supportive Care
LEVALBUTEROL HCL,Respiratory/Pulmonary
LEVALBUTEROL TARTRATE,Respiratory/Pulmonary
LEVETIRACETAM,Neurological/Neuropsychiatric
LEVETIRACETAM IN NACL (ISO-OS),Neurological/Neuropsychiatric
LEVOBUNOLOL HCL,Other/Supportive Care
LEVOCARNITINE,Other/Supportive Care
LEVOCARNITINE (WITH SUGAR),Other/Supportive Care
LEVOCETIRIZINE DIHYDROCHLORIDE,Other/Supportive Care
LEVOFLOXACIN,Antibiotics/Antiinfectives
LEVOFLOXACIN IN DEXTROSE 5 %,Antibiotics/Antiinfectives
LEVOLEUCOVORIN CALCIUM,Other/Supportive Care
LEVOMILNACIPRAN HCL,Other/Supportive Care
LEVONORGESTREL,Endocrine/Metabolic
LEVONORGESTREL-ETHIN ESTRADIOL,Endocrine/Metabolic
LEVORPHANOL TARTRATE,Other/Supportive Care
LEVOTHYROXINE SODIUM,Endocrine/Metabolic
LIDOCAINE,Other/Supportive Care
LIDOCAINE HCL,Other/Supportive Care
LIDOCAINE HCL/EPINEPHRINE,Other/Supportive Care
LIDOCAINE HCL/PF,Other/Supportive Care
LIDOCAINE/HYDROCORTISONE AC,Dermatological
LIDOCAINE/PRILOCAINE,Other/Supportive Care
LIDOCAINE/TETRACAINE,Other/Supportive Care
LIFITEGRAST,Other/Supportive Care
LINACLOTIDE,Other/Supportive Care
LINAGLIPTIN,Endocrine/Metabolic
LINAGLIPTIN/METFORMIN HCL,Endocrine/Metabolic
LINCOMYCIN HCL,Other/Supportive Care
LINDANE,Dermatological
LINEZOLID,Other/Supportive Care
LINEZOLID-0.9% SODIUM CHLORIDE,Other/Supportive Care
LIOTHYRONINE SODIUM,Endocrine/Metabolic
LIPASE/PROTEASE/AMYLASE,Other/Supportive Care
LIRAGLUTIDE,Endocrine/Metabolic
LISDEXAMFETAMINE DIMESYLATE,Other/Supportive Care
LISINOPRIL,Cardiovascular
LISINOPRIL/HYDROCHLOROTHIAZIDE,Cardiovascular
LITHIUM CARBONATE,Neurological/Neuropsychiatric
LITHIUM CITRATE,Neurological/Neuropsychiatric
LIXISENATIDE,Other/Supportive Care
LODOXAMIDE TROMETHAMINE,Other/Supportive Care
LOMITAPIDE MESYLATE,Other/Supportive Care
LOMUSTINE,Other/Supportive Care
LOPERAMIDE HCL,Gastrointestinal
LOPINAVIR/RITONAVIR,Other/Supportive Care
LORAZEPAM,Neurological/Neuropsychiatric
LORCASERIN HCL,Other/Supportive Care
LOSARTAN POTASSIUM,Other/Supportive Care
LOSARTAN/HYDROCHLOROTHIAZIDE,Cardiovascular
LOTEPREDNOL ETABONATE,Other/Supportive Care
LOVASTATIN,Cardiovascular
LOXAPINE SUCCINATE,Other/Supportive Care
LUBIPROSTONE,Other/Supportive Care
LULICONAZOLE,Other/Supportive Care
LUMACAFTOR/IVACAFTOR,Other/Supportive Care
LURASIDONE HCL,Other/Supportive Care
MACITENTAN,Other/Supportive Care
MAFENIDE ACETATE,Other/Supportive Care
MAGNESIUM SULFATE,Other/Supportive Care
MAGNESIUM SULFATE IN WATER,Other/Supportive Care
MAGNESIUM SULFATE/D5W,Other/Supportive Care
MALATHION,Other/Supportive Care
MANNITOL,Other/Supportive Care
MAPROTILINE HCL,Other/Supportive Care
MARAVIROC,Other/Supportive Care
"MEASLES,MUMPS,RUB,VARICELLA/PF",Other/Supportive Care
"MEASLES,MUMPS,RUBELLA VACC/PF",Other/Supportive Care
MEBENDAZOLE,Other/Supportive Care
MECAMYLAMINE HCL,Other/Supportive Care
MECHLORETHAMINE HCL,Other/Supportive Care
MECLIZINE HCL,Other/Supportive Care
MECLOFENAMATE SODIUM,Other/Supportive Care
MEDROXYPROGESTERONE ACETATE,Endocrine/Metabolic
MEFENAMIC ACID,Other/Supportive Care
MEFLOQUINE HCL,Other/Supportive Care
MEGESTROL ACETATE,Other/Supportive Care
MELOXICAM,Pain/Analgesics/Antiinflammatory
"MELOXICAM, SUBMICRONIZED",Pain/Analgesics/Antiinflammatory
MELPHALAN,Other/Supportive Care
MEMANTINE HCL,Other/Supportive Care
MEMANTINE HCL/DONEPEZIL HCL,Other/Supportive Care
"MENING VAC A,C,Y,W-135 DIP/PF",Other/Supportive Care
"MENINGOCOC VAC A,C,Y,W-135/PF",Other/Supportive Care
"MENINGOCOCCAL B VACCINE,4-COMP",Other/Supportive Care
MEPERIDINE HCL,Other/Supportive Care
MEPERIDINE HCL/PF,Other/Supportive Care
MEPOLIZUMAB,Other/Supportive Care
MEPROBAMATE,Other/Supportive Care
MERCAPTOPURINE,Other/Supportive Care
MEROPENEM,Other/Supportive Care
MEROPENEM-0.9% SODIUM CHLORIDE,Other/Supportive Care
MESALAMINE,Other/Supportive Care
MESALAMINE W/CLEANSING WIPES,Other/Supportive Care
MESNA,Other/Supportive Care
METAPROTERENOL SULFATE,Other/Supportive Care
METAXALONE,Other/Supportive Care
METFORMIN HCL,Endocrine/Metabolic
METH/MEBLUE/SOD PHOS/PSAL/HYOS,Other/Supportive Care
METHADONE HCL,Pain/Analgesics/Antiinflammatory
METHAMPHETAMINE HCL,Other/Supportive Care
METHAZOLAMIDE,Other/Supportive Care
METHEN/MBLUE/SAL/SOD PHOS/HYOS,Other/Supportive Care
METHENAM/M.BLUE/SALICYL/HYOSCY,Other/Supportive Care
METHENAM/SOD PHOS/MBLUE/HYOSCY,Other/Supportive Care
METHENAMINE HIPPURATE,Other/Supportive Care
METHENAMINE MANDELATE,Other/Supportive Care
METHIMAZOLE,Endocrine/Metabolic
METHOCARBAMOL,Pain/Analgesics/Antiinflammatory
METHOTREXATE,Other/Supportive Care
METHOTREXATE SODIUM,Other/Supportive Care
METHOTREXATE SODIUM/PF,Other/Supportive Care
METHOTREXATE/PF,Other/Supportive Care
METHOXSALEN,Other/Supportive Care
METHSCOPOLAMINE BROMIDE,Other/Supportive Care
METHSUXIMIDE,Other/Supportive Care
METHYCLOTHIAZIDE,Other/Supportive Care
METHYLDOPA,Other/Supportive Care
METHYLDOPA/HYDROCHLOROTHIAZIDE,Cardiovascular
METHYLERGONOVINE MALEATE,Other/Supportive Care
METHYLNALTREXONE BROMIDE,Other/Supportive Care
METHYLPHENIDATE,Other/Supportive Care
METHYLPHENIDATE HCL,Other/Supportive Care
METHYLPREDNISOLONE,Other/Supportive Care
METHYLPREDNISOLONE ACETATE,Other/Supportive Care
METHYLPREDNISOLONE SOD SUCC,Other/Supportive Care
METHYLPREDNISOLONE SOD SUCC/PF,Other/Supportive Care
METHYLTESTOSTERONE,Endocrine/Metabolic
METOCLOPRAMIDE HCL,Gastrointestinal
METOLAZONE,Other/Supportive Care
METOPROLOL SU/HYDROCHLOROTHIAZ,Cardiovascular
METOPROLOL SUCCINATE,Cardiovascular
METOPROLOL TARTRATE,Cardiovascular
METOPROLOL/HYDROCHLOROTHIAZIDE,Cardiovascular
METRELEPTIN,Other/Supportive Care
METRONIDAZOLE,Antibiotics/Antiinfectives
METRONIDAZOLE/SODIUM CHLORIDE,Antibiotics/Antiinfectives
METYROSINE,Other/Supportive Care
MEXILETINE HCL,Other/Supportive Care
MICAFUNGIN SODIUM,Other/Supportive Care
MICONAZOLE,Antibiotics/Antiinfectives
MICONAZOLE NITRATE,Antibiotics/Antiinfectives
MICONAZOLE NITRATE/ZINC OX/PET,Antibiotics/Antiinfectives
MIDAZOLAM HCL,Other/Supportive Care
MIDAZOLAM HCL/PF,Other/Supportive Care
MIDODRINE HCL,Other/Supportive Care
MIDOSTAURIN,Other/Supportive Care
MIFEPRISTONE,Other/Supportive Care
MIGLITOL,Endocrine/Metabolic
MIGLUSTAT,Other/Supportive Care
MILNACIPRAN HCL,Other/Supportive Care
MILRINONE LACTATE,Other/Supportive Care
MILRINONE LACTATE/D5W,Other/Supportive Care
MINOCYCLINE HCL,Other/Supportive Care
MINOCYCLINE HCL MICROSPHERES,Other/Supportive Care
MINOXIDIL,Other/Supportive Care
MIPOMERSEN SODIUM,Other/Supportive Care
MIRABEGRON,Other/Supportive Care
MIRTAZAPINE,Neurological/Neuropsychiatric
MISOPROSTOL,Other/Supportive Care
MITOMYCIN,Other/Supportive Care
MITOTANE,Other/Supportive Care
MITOXANTRONE HCL,Other/Supportive Care
MODAFINIL,Other/Supportive Care
MOEXIPRIL HCL,Other/Supportive Care
MOEXIPRIL/HYDROCHLOROTHIAZIDE,Cardiovascular
MOLINDONE HCL,Other/Supportive Care
MOMETASONE FUROATE,Respiratory/Pulmonary
MOMETASONE/FORMOTEROL,Respiratory/Pulmonary
MONTELUKAST SODIUM,Respiratory/Pulmonary
MORPHINE SULFATE,Pain/Analgesics/Antiinflammatory
MORPHINE SULFATE/NALTREXONE,Pain/Analgesics/Antiinflammatory
MORPHINE SULFATE/PF,Pain/Analgesics/Antiinflammatory
MOXIFLOXACIN HCL,Antibiotics/Antiinfectives
MOXIFLOXACIN IN NACL (ISO-OSM),Antibiotics/Antiinfectives
"MOXIFLOXACIN/SOD.ACE,SUL/WATER",Antibiotics/Antiinfectives
MULTIVIT-MINS NO.7/FOLIC ACID,Other/Supportive Care
MUPIROCIN,Other/Supportive Care
MUPIROCIN CALCIUM,Other/Supportive Care
MYCOPHENOLATE MOFETIL,Immunosuppressants/Biologics
MYCOPHENOLATE MOFETIL HCL,Immunosuppressants/Biologics
MYCOPHENOLATE SODIUM,Immunosuppressants/Biologics
"N.MENINGITIDIS B,LIPID FHBP RC",Other/Supportive Care
NABILONE,Other/Supportive Care
NABUMETONE,Other/Supportive Care
NADOLOL,Other/Supportive Care
NADOLOL/BENDROFLUMETHIAZIDE,Other/Supportive Care
NAFARELIN ACETATE,Other/Supportive Care
"NAFCILLIN IN DEXTROSE,ISO-OSM",Other/Supportive Care
NAFCILLIN SODIUM,Other/Supportive Care
NAFTIFINE HCL,Other/Supportive Care
NALBUPHINE HCL,Other/Supportive Care
NALDEMEDINE TOSYLATE,Other/Supportive Care
NALOXEGOL OXALATE,Other/Supportive Care
NALOXONE HCL,Other/Supportive Care
NALTREXONE HCL,Other/Supportive Care
NALTREXONE HCL/BUPROPION HCL,Neurological/Neuropsychiatric
NALTREXONE MICROSPHERES,Other/Supportive Care
NAPHAZOLINE HCL,Other/Supportive Care
NAPROXEN,Pain/Analgesics/Antiinflammatory
NAPROXEN SODIUM,Pain/Analgesics/Antiinflammatory
NAPROXEN/ESOMEPRAZOLE MAG,Gastrointestinal
NARATRIPTAN HCL,Other/Supportive Care
NATALIZUMAB,Immunosuppressants/Biologics
NATAMYCIN,Other/Supportive Care
NATEGLINIDE,Endocrine/Metabolic
NEBIVOLOL HCL,Other/Supportive Care
NEBIVOLOL HCL/VALSARTAN,Other/Supportive Care
NEDOCROMIL SODIUM,Other/Supportive Care
NEFAZODONE HCL,Other/Supportive Care
NELFINAVIR MESYLATE,Other/Supportive Care
NEOMYC/BACIT/POLYMYX/HYDROCORT,Other/Supportive Care
NEOMYC/COLIST/HYDROCORT/THONZN,Other/Supportive Care
NEOMYCIN SULF/BACITRACIN/POLY,Other/Supportive Care
NEOMYCIN SULF/POLYMYXIN B SULF,Other/Supportive Care
NEOMYCIN SULFATE,Other/Supportive Care
NEOMYCIN SULFATE/FLUOCINOLONE,Other/Supportive Care
NEOMYCIN/BACIT/P-MYX/HYDROCORT,Other/Supportive Care
NEOMYCIN/POLYMYXIN B/DEXAMETHA,Other/Supportive Care
NEOMYCIN/POLYMYXIN B/HYDROCORT,Other/Supportive Care
NEOMYCIN/POLYMYXN B/GRAMICIDIN,Other/Supportive Care
NEPAFENAC,Other/Supportive Care
NERATINIB MALEATE,Other/Supportive Care
NETUPITANT/PALONOSETRON HCL,Other/Supportive Care
NEVIRAPINE,Other/Supportive Care
NIACIN,Other/Supportive Care
NICARDIPINE HCL,Other/Supportive Care
NICOTINE,Other/Supportive Care
NIFEDIPINE,Cardiovascular
NILOTINIB HCL,Oncology
NILUTAMIDE,Other/Supportive Care
NIMODIPINE,Other/Supportive Care
NINTEDANIB ESYLATE,Other/Supportive Care
NIRAPARIB TOSYLATE,Other/Supportive Care
NISOLDIPINE,Other/Supportive Care
NITAZOXANIDE,Other/Supportive Care
NITISINONE,Other/Supportive Care
NITROFURANTOIN,Other/Supportive Care
NITROFURANTOIN MACROCRYSTAL,Other/Supportive Care
NITROFURANTOIN MONOHYD/M-CRYST,Other/Supportive Care
NITROGLYCERIN,Cardiovascular
NIVOLUMAB,Other/Supportive Care
NIZATIDINE,Other/Supportive Care
NORELGESTROMIN/ETHIN.ESTRADIOL,Other/Supportive Care
NORETH-ETHINYL ESTRADIOL/IRON,Other/Supportive Care
NORETHINDRONE,Other/Supportive Care
NORETHINDRONE AC-ETH ESTRADIOL,Other/Supportive Care
NORETHINDRONE ACETATE,Other/Supportive Care
NORETHINDRONE-E.ESTRADIOL-IRON,Other/Supportive Care
NORETHINDRONE-ETHINYL ESTRAD,Other/Supportive Care
NORETHINDRONE-MESTRANOL,Other/Supportive Care
NORGESTIMATE-ETHINYL ESTRADIOL,Other/Supportive Care
NORGESTREL-ETHINYL ESTRADIOL,Other/Supportive Care
NORTRIPTYLINE HCL,Neurological/Neuropsychiatric
NYSTATIN,Other/Supportive Care
NYSTATIN/TRIAMCIN,Other/Supportive Care
OBETICHOLIC ACID,Other/Supportive Care
OBINUTUZUMAB,Other/Supportive Care
OCRELIZUMAB,Other/Supportive Care
OCTREOTIDE ACETATE,Other/Supportive Care
"OCTREOTIDE ACETATE,MI-SPHERES",Other/Supportive Care
OFATUMUMAB,Other/Supportive Care
OFLOXACIN,Other/Supportive Care
OLANZAPINE,Neurological/Neuropsychiatric
OLANZAPINE PAMOATE,Neurological/Neuropsychiatric
OLANZAPINE/FLUOXETINE HCL,Neurological/Neuropsychiatric
OLAPARIB,Other/Supportive Care
OLARATUMAB,Other/Supportive Care
OLMESARTAN MEDOXOMIL,Other/Supportive Care
OLMESARTAN/AMLODIPIN/HCTHIAZID,Other/Supportive Care
OLMESARTAN/HYDROCHLOROTHIAZIDE,Cardiovascular
OLODATEROL HCL,Other/Supportive Care
OLOPATADINE HCL,Other/Supportive Care
OLSALAZINE SODIUM,Other/Supportive Care
OMACETAXINE MEPESUCCINATE,Other/Supportive Care
OMALIZUMAB,Other/Supportive Care
OMBITA/PARITAP/RITON/DASABUVIR,Other/Supportive Care
OMEGA-3 ACID ETHYL ESTERS,Other/Supportive Care
OMEPRAZOLE,Gastrointestinal
OMEPRAZOLE MAGNESIUM,Gastrointestinal
OMEPRAZOLE/CLARITH/AMOXICILLIN,Gastrointestinal
OMEPRAZOLE/SODIUM BICARBONATE,Gastrointestinal
ONABOTULINUMTOXINA,Other/Supportive Care
ONDANSETRON,Gastrointestinal
ONDANSETRON HCL,Gastrointestinal
ONDANSETRON HCL/PF,Gastrointestinal
OPIUM TINCTURE,Other/Supportive Care
OPIUM/BELLADONNA ALKALOIDS,Other/Supportive Care
ORITAVANCIN DIPHOSPHATE,Other/Supportive Care
ORLISTAT,Other/Supportive Care
ORPHENADRINE CITRATE,Other/Supportive Care
OSELTAMIVIR PHOSPHATE,Antibiotics/Antiinfectives
OSIMERTINIB MESYLATE,Other/Supportive Care
OSPEMIFENE,Other/Supportive Care
OXACILLIN IN DEXTROSE(ISO-OSM),Other/Supportive Care
OXACILLIN SODIUM,Other/Supportive Care
OXALIPLATIN,Other/Supportive Care
OXANDROLONE,Other/Supportive Care
OXAPROZIN,Other/Supportive Care
OXAZEPAM,Other/Supportive Care
OXCARBAZEPINE,Other/Supportive Care
OXICONAZOLE NITRATE,Other/Supportive Care
OXYBUTYNIN,Other/Supportive Care
OXYBUTYNIN CHLORIDE,Other/Supportive Care
OXYCODONE HCL,Pain/Analgesics/Antiinflammatory
OXYCODONE HCL/ACETAMINOPHEN,Pain/Analgesics/Antiinflammatory
OXYCODONE HCL/ASPIRIN,Cardiovascular
OXYCODONE MYRISTATE,Pain/Analgesics/Antiinflammatory
OXYMETAZOLINE HCL,Other/Supportive Care
OXYMETHOLONE,Other/Supportive Care
OXYMORPHONE HCL,Other/Supportive Care
OXYTOCIN,Other/Supportive Care
PACLITAXEL,Oncology
PACLITAXEL PROTEIN-BOUND,Oncology
PALBOCICLIB,Other/Supportive Care
PALIPERIDONE,Other/Supportive Care
PALIPERIDONE PALMITATE,Other/Supportive Care
PALIVIZUMAB,Other/Supportive Care
PALONOSETRON HCL,Other/Supportive Care
PAMIDRONATE DISODIUM,Other/Supportive Care
PANITUMUMAB,Other/Supportive Care
PANOBINOSTAT LACTATE,Other/Supportive Care
PANTOPRAZOLE SODIUM,Gastrointestinal
PAPAVERINE HCL,Other/Supportive Care
PARATHYROID HORMONE,Other/Supportive Care
PAREGORIC,Other/Supportive Care
PARENTERAL AMINO ACID 10% NO.4,Other/Supportive Care
PARENTERAL AMINO ACID 10% NO.6,Other/Supportive Care
PARENTERAL AMINO ACID 15% NO.1,Other/Supportive Care
PARENTERAL AMINO ACID 20% NO.1,Other/Supportive Care
PARICALCITOL,Other/Supportive Care
PAROMOMYCIN SULFATE,Other/Supportive Care
PAROXETINE HCL,Neurological/Neuropsychiatric
PAROXETINE MESYLATE,Neurological/Neuropsychiatric
PASIREOTIDE DIASPARTATE,Other/Supportive Care
PASIREOTIDE PAMOATE,Other/Supportive Care
PATIROMER CALCIUM SORBITEX,Other/Supportive Care
PAZOPANIB HCL,Other/Supportive Care
PEDI MULTIVIT 45/FLUORIDE/IRON,Other/Supportive Care
PEDI MULTIVIT 75/FLUORIDE/IRON,Other/Supportive Care
PEDI MULTIVIT NO.12 W-FLUORIDE,Other/Supportive Care
PEDI MULTIVIT NO.16 W-FLUORIDE,Other/Supportive Care
PEDI MULTIVIT NO.17 W-FLUORIDE,Other/Supportive Care
PEDI MULTIVIT NO.2 W-FLUORIDE,Other/Supportive Care
PEDI MULTIVIT NO.82 W-FLUORIDE,Other/Supportive Care
PEG3350/SOD SUL/NACL/ASB/C/KCL,Other/Supportive Care
"PEG3350/SOD SULF,BICARB,CL/KCL",Other/Supportive Care
PEGADEMASE BOVINE,Other/Supportive Care
PEGFILGRASTIM,Other/Supportive Care
PEGINTERFERON ALFA-2A,Other/Supportive Care
PEGINTERFERON ALFA-2B,Other/Supportive Care
PEGINTERFERON BETA-1A,Other/Supportive Care
PEGLOTICASE,Other/Supportive Care
PEGVISOMANT,Other/Supportive Care
PEMBROLIZUMAB,Other/Supportive Care
PEMETREXED DISODIUM,Oncology
PEN G BENZ/PEN G PROCAINE,Other/Supportive Care
PEN G POT/DEXTROSE-WATER,Other/Supportive Care
"PEN NEEDLE, DIABETIC",Other/Supportive Care
"PEN NEEDLE, DIABETIC, SAFETY",Other/Supportive Care
"PEN NEEDLE,DUAL SAFETY,DIABETC",Other/Supportive Care
PENCICLOVIR,Other/Supportive Care
PENICILLAMINE,Other/Supportive Care
PENICILLIN G BENZATHINE,Other/Supportive Care
PENICILLIN G POTASSIUM,Other/Supportive Care
PENICILLIN G SODIUM,Other/Supportive Care
PENICILLIN V POTASSIUM,Other/Supportive Care
PENTAMIDINE ISETHIONATE,Other/Supportive Care
PENTAZOCINE HCL/NALOXONE HCL,Other/Supportive Care
PENTOSAN POLYSULFATE SODIUM,Other/Supportive Care
PENTOSTATIN,Other/Supportive Care
PENTOXIFYLLINE,Other/Supportive Care
PERAMPANEL,Other/Supportive Care
PERINDOPRIL ERBUMINE,Other/Supportive Care
PERIT. DIALYSIS NO.6-1.5 % DEX,Other/Supportive Care
PERMETHRIN,Dermatological
PERPHENAZINE,Other/Supportive Care
PERPHENAZINE/AMITRIPTYLINE HCL,Neurological/Neuropsychiatric
PERTUZUMAB,Other/Supportive Care
PHENAZOPYRIDINE HCL,Other/Supportive Care
PHENELZINE SULFATE,Other/Supportive Care
PHENOBARBITAL,Other/Supportive Care
PHENOBARBITAL SODIUM,Other/Supportive Care
PHENOXYBENZAMINE HCL,Other/Supportive Care
PHENTERMINE HCL,Other/Supportive Care
PHENTERMINE/TOPIRAMATE,Neurological/Neuropsychiatric
PHENTOLAMINE MESYLATE,Other/Supportive Care
PHENYLEPHRINE HCL,Other/Supportive Care
PHENYLEPHRINE HCL/PROMETH HCL,Other/Supportive Care
PHENYTOIN,Neurological/Neuropsychiatric
PHENYTOIN SODIUM,Neurological/Neuropsychiatric
PHENYTOIN SODIUM EXTENDED,Neurological/Neuropsychiatric
PHYTONADIONE (VIT K1),Other/Supportive Care
PILOCARPINE HCL,Other/Supportive Care
PIMAVANSERIN TARTRATE,Other/Supportive Care
PIMECROLIMUS,Dermatological
PIMOZIDE,Other/Supportive Care
PINDOLOL,Other/Supportive Care
PIOGLITAZONE HCL,Endocrine/Metabolic
PIOGLITAZONE HCL/GLIMEPIRIDE,Endocrine/Metabolic
PIOGLITAZONE HCL/METFORMIN HCL,Endocrine/Metabolic
PIPERACILLIN SODIUM/TAZOBACTAM,Other/Supportive Care
"PIPERACILLIN-TAZO-DEXTROSE,ISO",Other/Supportive Care
PIRFENIDONE,Other/Supportive Care
PIROXICAM,Other/Supportive Care
PITAVASTATIN CALCIUM,Other/Supportive Care
PLECANATIDE,Other/Supportive Care
PLERIXAFOR,Other/Supportive Care
PNEUMOC 13-VAL CONJ-DIP CRM/PF,Other/Supportive Care
PNV 102/IRON/FOLATE 1/DSS/DHA,Other/Supportive Care
PNV 11/IRON FUM/FOLIC ACID/OM3,Other/Supportive Care
PNV 112/IRON/FOLIC/OM3/DHA/EPA,Other/Supportive Care
PNV 117/IRON/FOLIC/OM3/DHA/EPA,Other/Supportive Care
"PNV 15/IRON FUM,PS/FOLIC ACID",Other/Supportive Care
"PNV 16/IRON FUM,PS/FOLIC/OM-3",Other/Supportive Care
"PNV 19/IRON PS,HEME/FOLIC/DHA",Other/Supportive Care
"PNV 21/IRON PS,HEME PPEP/FOLIC",Other/Supportive Care
"PNV 30/IRON CARB,AG/FOLIC/OM3",Other/Supportive Care
PNV 39/IRON/FOLIC/DOCUSATE/DHA,Gastrointestinal
"PNV 55/IRON FUM,B-G/FOLIC ACID",Other/Supportive Care
PNV 66/IRON/FOLIC/DOCUSATE/DHA,Gastrointestinal
PNV 67/IRON PS/FOLATE NO.1/DHA,Other/Supportive Care
PNV 69/IRON/FOLIC/DOCUSATE/DHA,Gastrointestinal
"PNV 76/IRON,GLUC/FOLIC/DSS/DHA",Other/Supportive Care
PNV 80/IRON FUM/FOLIC/DSS/DHA,Other/Supportive Care
PNV 85/IRON/FOLIC/DHA/FISH OIL,Other/Supportive Care
PNV NO.106/IRON/FOLATE NO6/DHA,Other/Supportive Care
PNV NO.118/IRON FUMARATE/FA,Other/Supportive Care
"PNV,CALCIUM 72/IRON,CARB/FOLIC",Other/Supportive Care
"PNV,CALCIUM 72/IRON/FOLIC ACID",Other/Supportive Care
"PNV,CALCIUM37/IRON/FOLIC/OMEG3",Other/Supportive Care
PNV/FOLIC AC/B6/CALCIUM/GINGER,Other/Supportive Care
PNV119/IRON FUM/FOLIC/DOCUSATE,Gastrointestinal
PNV20/IRON/FOLIC/DOCUSATE/OM3S,Gastrointestinal
"PNV59/IRON,CARB,FUM/FA/DSS/DHA",Other/Supportive Care
"PNV72/IRON,GLUC/FOLIC/DSS/DHA",Other/Supportive Care
"PNV73/IRON,GLUC/FOLIC/DSS/DHA",Other/Supportive Care
PODOFILOX,Other/Supportive Care
PODOPHYLLUM RESIN,Other/Supportive Care
"POLIOMYELITIS VACCINE, KILLED",Other/Supportive Care
POLYETHYLENE GLYCOL 3350,Other/Supportive Care
POLYMYXIN B SULF/TRIMETHOPRIM,Antibiotics/Antiinfectives
POLYMYXIN B SULFATE,Other/Supportive Care
POMALIDOMIDE,Oncology
PONATINIB HCL,Other/Supportive Care
POSACONAZOLE,Other/Supportive Care
POT CHLORIDE/POT BICARB/CIT AC,Other/Supportive Care
POTASSIUM ACETATE,Other/Supportive Care
POTASSIUM BICARBONATE/CIT AC,Other/Supportive Care
POTASSIUM CHLORIDE,Other/Supportive Care
POTASSIUM CHLORIDE IN 0.9%NACL,Other/Supportive Care
POTASSIUM CHLORIDE IN D5W,Other/Supportive Care
POTASSIUM CHLORIDE IN WATER,Other/Supportive Care
POTASSIUM CHLORIDE-0.45% NACL,Other/Supportive Care
POTASSIUM CHLORIDE/D5-0.2%NACL,Other/Supportive Care
POTASSIUM CHLORIDE/D5-0.45NACL,Other/Supportive Care
POTASSIUM CHLORIDE/D5-0.9%NACL,Other/Supportive Care
POTASSIUM CITRATE,Other/Supportive Care
POTASSIUM CITRATE/CITRIC ACID,Other/Supportive Care
POTASSIUM IODIDE,Other/Supportive Care
"POTASSIUM PHOS,M-BASIC-D-BASIC",Other/Supportive Care
"POTASSIUM PHOSPHATE,MONOBASIC",Other/Supportive Care
POVIDONE-IODINE,Other/Supportive Care
PRALATREXATE,Other/Supportive Care
PRAMIPEXOLE DI-HCL,Neurological/Neuropsychiatric
PRAMLINTIDE ACETATE,Other/Supportive Care
PRASTERONE (DHEA),Other/Supportive Care
PRASUGREL HCL,Other/Supportive Care
PRAVASTATIN SODIUM,Cardiovascular
PRAZIQUANTEL,Other/Supportive Care
PRAZOSIN HCL,Other/Supportive Care
PREDNICARBATE,Other/Supportive Care
PREDNISOLONE,Other/Supportive Care
PREDNISOLONE ACETATE,Other/Supportive Care
PREDNISOLONE SOD PHOSPHATE,Other/Supportive Care
PREDNISONE,Other/Supportive Care
PREGABALIN,Neurological/Neuropsychiatric
PRENAT 115/IRON FUM/FOLIC/DSS,Other/Supportive Care
"PRENAT90/IRON FUM,PS/FOLIC/DHA",Other/Supportive Care
PRENATAL 114/IRON A-G/FOLATE 1,Other/Supportive Care
PRENATAL 118/IRON/FOLATE 6/DHA,Other/Supportive Care
PRENATAL 2/IRON/FOLIC ACID/OM3,Other/Supportive Care
PRENATAL 25/IRON/FOLATE 6/DHA,Other/Supportive Care
PRENATAL 26/IRON PS/FOLIC/DHA,Other/Supportive Care
PRENATAL 38/IRON/FOLATE 6/DHA,Other/Supportive Care
PRENATAL 47/IRON/FOLATE 1/DHA,Other/Supportive Care
PRENATAL 48/IRON/FOLIC ACID/B6,Other/Supportive Care
PRENATAL 53/IRON/FOLIC AC/OMG3,Other/Supportive Care
PRENATAL 68/IRON/FOLIC NO1/DHA,Other/Supportive Care
PRENATAL 78/IRON/FOLATE 1/DHA,Other/Supportive Care
PRENATAL 86/IRON/FOLIC/DHA/EPA,Other/Supportive Care
PRENATAL 87/IRON BIS/FOLIC/DHA,Other/Supportive Care
PRENATAL 93/IRON/FOLATE 9/DHA,Other/Supportive Care
PRENATAL NO.123/IRON/FOLIC AC,Other/Supportive Care
PRENATAL NO.52/IRON/FA/DHA,Other/Supportive Care
PRENATAL NO.75/IRON/FOLATE NO1,Other/Supportive Care
PRENATAL NO13/IRON PS/FOLATE 1,Other/Supportive Care
PRENATAL VIT 10/IRON FUM/FOLIC,Other/Supportive Care
PRENATAL VIT 10/IRON/FOLIC/DHA,Other/Supportive Care
PRENATAL VIT 14/IRON FUM/FOLIC,Other/Supportive Care
PRENATAL VIT 33/IRON/FOLIC/DHA,Other/Supportive Care
PRENATAL VIT 36/IRON/FOLATE 6,Other/Supportive Care
"PRENATAL VIT 65/IRON FUM,PS/FA",Other/Supportive Care
PRENATAL VIT 84/IRON/FA 1/DHA,Other/Supportive Care
PRENATAL VIT 85/IRON/FA 1/DHA,Other/Supportive Care
PRENATAL VIT 87/IRON/FOLIC/DHA,Other/Supportive Care
PRENATAL VIT NO.112/FOLATE NO6,Other/Supportive Care
PRENATAL VIT NO.127/IRON/FOLIC,Other/Supportive Care
PRENATAL VIT NO.44/IRON/FA/DHA,Other/Supportive Care
"PRENATAL VIT,CAL 73/IRON/FOLIC",Other/Supportive Care
"PRENATAL VIT,CAL 74/IRON/FOLIC",Other/Supportive Care
"PRENATAL VIT,CALC76/IRON/FOLIC",Other/Supportive Care
"PRENATAL VIT,CALC78/IRON/FOLIC",Other/Supportive Care
PRENATAL VIT/IRON FUM/FOLIC AC,Other/Supportive Care
PRENATAL VIT103/IRON FUM/FOLIC,Other/Supportive Care
PRENATAL VIT106/IRON/FOLIC/OM3,Other/Supportive Care
PRENATAL VIT114/FOLATE6/GINGER,Other/Supportive Care
PRENATAL VIT22/IRON/FOLIC/OM3S,Other/Supportive Care
"PRENATAL VIT27,CALCIUM/IRON/FA",Other/Supportive Care
PRENATAL VIT37/IRON/FOLIC ACID,Other/Supportive Care
PRENATAL VIT68/IRON/FA NO6/DHA,Other/Supportive Care
PRENATAL VIT69/IRON/FOLATE6/DH,Other/Supportive Care
PRENATAL VIT86/IRON/FOLIC ACID,Other/Supportive Care
PRENATAL VITS15/IRON/FOLIC/DSS,Other/Supportive Care
PRENATAL VITS16/IRON/FOLIC/DSS,Other/Supportive Care
"PRENATAL,CALC.40/IRON/FOLATE 1",Other/Supportive Care
PRENATAL56/IRON/FOLIC ACID/DHA,Other/Supportive Care
PRENATAL72/IRON FUM/FA/OM3/DHA,Other/Supportive Care
PRENATAL81/IRON/FOLIC/DOCUSATE,Gastrointestinal
PRENATAL92/IRON/FOLATE8/PS-DHA,Other/Supportive Care
PRIMAQUINE PHOSPHATE,Other/Supportive Care
PRIMIDONE,Other/Supportive Care
PROBENECID,Other/Supportive Care
PROBENECID/COLCHICINE,Other/Supportive Care
PROCARBAZINE HCL,Other/Supportive Care
PROCHLORPERAZINE,Gastrointestinal
PROCHLORPERAZINE EDISYLATE,Gastrointestinal
PROCHLORPERAZINE MALEATE,Gastrointestinal
PROGESTERONE,Endocrine/Metabolic
"PROGESTERONE, MICRONIZED",Endocrine/Metabolic
PROMETHAZINE HCL,Other/Supportive Care
PROMETHAZINE HCL/CODEINE,Pain/Analgesics/Antiinflammatory
PROMETHAZINE/DEXTROMETHORPHAN,Other/Supportive Care
PROMETHAZINE/PHENYLEPH/CODEINE,Pain/Analgesics/Antiinflammatory
PROPAFENONE HCL,Other/Supportive Care
PROPANTHELINE BROMIDE,Other/Supportive Care
PROPARACAINE HCL,Other/Supportive Care
PROPRANOLOL HCL,Other/Supportive Care
PROPRANOLOL/HYDROCHLOROTHIAZID,Other/Supportive Care
PROPYLTHIOURACIL,Endocrine/Metabolic
PROTRIPTYLINE HCL,Other/Supportive Care
PSEUDOEPHEDRINE HCL/ACRIVAS,Other/Supportive Care
PYRAZINAMIDE,Other/Supportive Care
PYRIDOSTIGMINE BROMIDE,Other/Supportive Care
PYRIMETHAMINE,Other/Supportive Care
QUETIAPINE FUMARATE,Neurological/Neuropsychiatric
QUINAPRIL HCL,Other/Supportive Care
QUINAPRIL/HYDROCHLOROTHIAZIDE,Cardiovascular
QUINIDINE GLUCONATE,Other/Supportive Care
QUINIDINE SULFATE,Other/Supportive Care
QUININE SULFATE,Other/Supportive Care
QUINUPRISTIN/DALFOPRISTIN,Other/Supportive Care
RABEPRAZOLE SODIUM,Other/Supportive Care
"RABIES VACC, HUMAN DIPLOID/PF",Other/Supportive Care
RABIES VACCINE (PCEC)/PF,Other/Supportive Care
RALOXIFENE HCL,Other/Supportive Care
RALTEGRAVIR POTASSIUM,Other/Supportive Care
RAMELTEON,Other/Supportive Care
RAMIPRIL,Other/Supportive Care
RAMUCIRUMAB,Other/Supportive Care
RANIBIZUMAB,Other/Supportive Care
RANITIDINE HCL,Gastrointestinal
RANOLAZINE,Other/Supportive Care
RASAGILINE MESYLATE,Other/Supportive Care
RASBURICASE,Other/Supportive Care
REGORAFENIB,Other/Supportive Care
REPAGLINIDE,Endocrine/Metabolic
REPAGLINIDE/METFORMIN HCL,Endocrine/Metabolic
RESLIZUMAB,Other/Supportive Care
RHO(D) IMMUNE GLOBULIN,Other/Supportive Care
RIBAVIRIN,Antibiotics/Antiinfectives
RIBOCICLIB SUCCINATE,Other/Supportive Care
RIBOCICLIB SUCCINATE/LETROZOLE,Other/Supportive Care
RIFABUTIN,Other/Supportive Care
RIFAMP/ISONIAZID/PYRAZINAMIDE,Other/Supportive Care
RIFAMPIN,Other/Supportive Care
RIFAMPIN/ISONIAZID,Other/Supportive Care
RIFAPENTINE,Other/Supportive Care
RIFAXIMIN,Other/Supportive Care
RILONACEPT,Other/Supportive Care
RILPIVIRINE HCL,Other/Supportive Care
RILUZOLE,Other/Supportive Care
RIMABOTULINUMTOXINB,Other/Supportive Care
RIMANTADINE HCL,Other/Supportive Care
RIMEXOLONE,Other/Supportive Care
"RINGER'S SOLUTION,LACTATED",Other/Supportive Care
RIOCIGUAT,Other/Supportive Care
RISEDRONATE SODIUM,Other/Supportive Care
RISPERIDONE,Neurological/Neuropsychiatric
RISPERIDONE MICROSPHERES,Neurological/Neuropsychiatric
RITONAVIR,Other/Supportive Care
RITUXIMAB,Other/Supportive Care
"RITUXIMAB/HYALURONIDASE,HUMAN",Other/Supportive Care
RIVAROXABAN,Other/Supportive Care
RIVASTIGMINE,Other/Supportive Care
RIVASTIGMINE TARTRATE,Other/Supportive Care
RIZATRIPTAN BENZOATE,Other/Supportive Care
ROFLUMILAST,Respiratory/Pulmonary
ROLAPITANT HCL,Other/Supportive Care
ROMIDEPSIN,Other/Supportive Care
ROMIPLOSTIM,Other/Supportive Care
ROPINIROLE HCL,Neurological/Neuropsychiatric
ROSIGLITAZONE MALEATE,Endocrine/Metabolic
ROSUVASTATIN CALCIUM,Cardiovascular
ROTIGOTINE,Other/Supportive Care
RUCAPARIB CAMSYLATE,Other/Supportive Care
RUFINAMIDE,Other/Supportive Care
RUXOLITINIB PHOSPHATE,Other/Supportive Care
SACROSIDASE,Other/Supportive Care
SACUBITRIL/VALSARTAN,Other/Supportive Care
SAFINAMIDE MESYLATE,Other/Supportive Care
SALICYLIC ACID,Dermatological
SALMETEROL XINAFOATE,Respiratory/Pulmonary
SALSALATE,Other/Supportive Care
SAPROPTERIN DIHYDROCHLORIDE,Other/Supportive Care
SAQUINAVIR MESYLATE,Other/Supportive Care
SARGRAMOSTIM,Other/Supportive Care
SARILUMAB,Other/Supportive Care
SAXAGLIPTIN HCL,Endocrine/Metabolic
SAXAGLIPTIN HCL/METFORMIN HCL,Endocrine/Metabolic
SCOPOLAMINE,Other/Supportive Care
SECOBARBITAL SODIUM,Other/Supportive Care
SECUKINUMAB,Immunosuppressants/Biologics
SELEGILINE,Other/Supportive Care
SELEGILINE HCL,Other/Supportive Care
SELENIUM SULFIDE,Other/Supportive Care
SELEXIPAG,Other/Supportive Care
SERTACONAZOLE NITRATE,Other/Supportive Care
SERTRALINE HCL,Neurological/Neuropsychiatric
SEVELAMER CARBONATE,Other/Supportive Care
SEVELAMER HCL,Other/Supportive Care
SILDENAFIL CITRATE,Other/Supportive Care
SILODOSIN,Other/Supportive Care
SILVER NITRATE,Other/Supportive Care
SILVER SULFADIAZINE,Other/Supportive Care
SIMEPREVIR SODIUM,Other/Supportive Care
SIMVASTATIN,Cardiovascular
SINECATECHINS,Other/Supportive Care
SIROLIMUS,Other/Supportive Care
SITAGLIPTIN PHOS/METFORMIN HCL,Endocrine/Metabolic
SITAGLIPTIN PHOSPHATE,Endocrine/Metabolic
"SOD PHOS DI, MONO/K PHOS MONO",Other/Supportive Care
"SOD PHOS,M-B/K PHOS,MONOB",Other/Supportive Care
"SOD PHOSPHATE MBAS/SOD PHOS,DI",Other/Supportive Care
"SOD PHOSPHATE,MONOBASIC-DIBAS",Other/Supportive Care
SOD PICOSULF/MAG OX/CITRIC AC,Other/Supportive Care
SOD/POT/K CIT/SOD CIT/CIT ACID,Other/Supportive Care
SODIUM ACETATE,Other/Supportive Care
SODIUM BICARBONATE,Other/Supportive Care
SODIUM CHLORIDE,Other/Supportive Care
SODIUM CHLORIDE 0.45 %,Other/Supportive Care
SODIUM CHLORIDE 3 %,Other/Supportive Care
SODIUM CHLORIDE 5 %,Other/Supportive Care
SODIUM CHLORIDE FOR INHALATION,Other/Supportive Care
SODIUM CHLORIDE IRRIG SOLUTION,Other/Supportive Care
SODIUM CHLORIDE/NAHCO3/KCL/PEG,Other/Supportive Care
SODIUM FLUORIDE/POTASSIUM NIT,Other/Supportive Care
SODIUM OXYBATE,Other/Supportive Care
SODIUM PHENYLBUTYRATE,Other/Supportive Care
SODIUM POLYSTYRENE SULFON/SORB,Other/Supportive Care
SODIUM POLYSTYRENE SULFONATE,Other/Supportive Care
"SODIUM, POTASSIUM,MAG SULFATES",Other/Supportive Care
SODIUM/POT/MAG/CALC/CHLOR/ACET,Other/Supportive Care
SOFOSBUVIR,Other/Supportive Care
SOFOSBUVIR/VELPATAS/VOXILAPREV,Other/Supportive Care
SOFOSBUVIR/VELPATASVIR,Other/Supportive Care
SOLIFENACIN SUCCINATE,Other/Supportive Care
SOMATROPIN,Other/Supportive Care
SONIDEGIB PHOSPHATE,Other/Supportive Care
SORAFENIB TOSYLATE,Oncology
SORBITOL SOLUTION,Other/Supportive Care
SOTALOL HCL,Other/Supportive Care
SPIRONOLACT/HYDROCHLOROTHIAZID,Other/Supportive Care
SPIRONOLACTONE,Other/Supportive Care
STAVUDINE,Other/Supportive Care
STREPTOMYCIN SULFATE,Other/Supportive Care
"SUB-Q INSULIN DEVICE, 20 UNIT",Endocrine/Metabolic
"SUB-Q INSULIN DEVICE, 30 UNIT",Endocrine/Metabolic
"SUB-Q INSULIN DEVICE, 40 UNIT",Endocrine/Metabolic
SUCCIMER,Other/Supportive Care
SUCCINYLCHOLINE CHLORIDE,Other/Supportive Care
SUCRALFATE,Other/Supportive Care
SUCROFERRIC OXYHYDROXIDE,Other/Supportive Care
SULCONAZOLE NITRATE,Other/Supportive Care
SULFACETAMIDE SOD/SULFUR/UREA,Dermatological
SULFACETAMIDE SODIUM,Other/Supportive Care
SULFACETAMIDE SODIUM/SULFUR,Dermatological
SULFACETAMIDE/PREDNISOLONE,Other/Supportive Care
SULFACETAMIDE/PREDNISOLONE SP,Other/Supportive Care
SULFADIAZINE,Other/Supportive Care
SULFAMETHOXAZOLE/TRIMETHOPRIM,Antibiotics/Antiinfectives
SULFANILAMIDE,Other/Supportive Care
SULFASALAZINE,Other/Supportive Care
SULINDAC,Other/Supportive Care
SUMATRIPTAN,Other/Supportive Care
SUMATRIPTAN SUCC/NAPROXEN SOD,Pain/Analgesics/Antiinflammatory
SUMATRIPTAN SUCCINATE,Other/Supportive Care
SUNITINIB MALATE,Oncology
SUVOREXANT,Other/Supportive Care
"SYR-ND,INS,0.3/CONTAINER,EMPTY",Other/Supportive Care
"SYR-ND,INS,0.5/CONTAINER,EMPTY",Other/Supportive Care
"SYR,NDL,INSULIN,1ML-SHARPS BIN",Endocrine/Metabolic
"SYRGE-NDL,INS 0.3 ML HALF MARK",Other/Supportive Care
"SYRING-NEEDL,DISP,INSUL,0.3 ML",Other/Supportive Care
"SYRINGE AND NEEDLE,INSULIN,1ML",Endocrine/Metabolic
"SYRINGE W-NDL, DISP,INSUL,2 ML",Other/Supportive Care
"SYRINGE WITH NEEDLE, INSULIN",Endocrine/Metabolic
"SYRINGE-NEEDLE,INSULIN,0.5 ML",Endocrine/Metabolic
"SYRINGE,INSUL U-500,NDL,0.5ML",Other/Supportive Care
"SYRINGE,INSULIN,NEEDLESS 1 ML",Endocrine/Metabolic
"SYRINGE,NEEDLE,INSULN,SAFE,1ML",Other/Supportive Care
"SYRINGE,NEEDLE,INSULN,SF 0.5ML",Other/Supportive Care
"SYRINGE,NEEDLE,INSULN,SF,0.3ML",Other/Supportive Care
"SYRINGE,SAFETY WITH NEEDLE,1ML",Other/Supportive Care
TACROLIMUS,Immunosuppressants/Biologics
TADALAFIL,Other/Supportive Care
TAFLUPROST/PF,Other/Supportive Care
TALIGLUCERASE ALFA,Other/Supportive Care
TAMOXIFEN CITRATE,Other/Supportive Care
TAMSULOSIN HCL,Other/Supportive Care
TAPENTADOL HCL,Other/Supportive Care
TASIMELTEON,Other/Supportive Care
TAVABOROLE,Other/Supportive Care
TAZAROTENE,Dermatological
TBO-FILGRASTIM,Other/Supportive Care
TEDIZOLID PHOSPHATE,Other/Supportive Care
TEDUGLUTIDE,Other/Supportive Care
TELAVANCIN HCL,Other/Supportive Care
TELBIVUDINE,Other/Supportive Care
TELMISARTAN,Other/Supportive Care
TELMISARTAN/AMLODIPINE,Cardiovascular
TELMISARTAN/HYDROCHLOROTHIAZID,Other/Supportive Care
TELOTRISTAT ETIPRATE,Other/Supportive Care
TEMAZEPAM,Other/Supportive Care
TEMSIROLIMUS,Other/Supportive Care
TENOFOVIR ALAFENAMIDE FUMARATE,Other/Supportive Care
TENOFOVIR DISOPROXIL FUMARATE,Other/Supportive Care
TERAZOSIN HCL,Other/Supportive Care
TERBINAFINE HCL,Other/Supportive Care
TERBUTALINE SULFATE,Other/Supportive Care
TERCONAZOLE,Other/Supportive Care
TERIFLUNOMIDE,Other/Supportive Care
TERIPARATIDE,Other/Supportive Care
TESAMORELIN ACETATE,Other/Supportive Care
TESTOSTERONE,Endocrine/Metabolic
TESTOSTERONE CYPIONATE,Endocrine/Metabolic
TESTOSTERONE ENANTHATE,Endocrine/Metabolic
TESTOSTERONE UNDECANOATE,Endocrine/Metabolic
"TETANUS TOXOID, ADSORBED/PF",Other/Supportive Care
TETANUS-DIPHTHERIA TOXOIDS/PF,Other/Supportive Care
"TETANUS, DIPHTHERIA TOX,ADULT",Other/Supportive Care
"TETANUS,DIPHTHERIA TOXD PED/PF",Other/Supportive Care
TETRABENAZINE,Other/Supportive Care
TETRACAINE HCL,Other/Supportive Care
TETRACAINE HCL/PF,Other/Supportive Care
TETRACYCLINE HCL,Antibiotics/Antiinfectives
THALIDOMIDE,Oncology
THEOPHYLLINE ANHYDROUS,Respiratory/Pulmonary
THIOGUANINE,Other/Supportive Care
THIORIDAZINE HCL,Other/Supportive Care
THIOTHIXENE,Other/Supportive Care
"THYROID,PORK",Other/Supportive Care
THYROTROPIN ALFA,Other/Supportive Care
TIAGABINE HCL,Other/Supportive Care
TICAGRELOR,Other/Supportive Care
TIGECYCLINE,Other/Supportive Care
TIMOLOL,Other/Supportive Care
TIMOLOL MALEATE,Other/Supportive Care
TIMOLOL MALEATE/PF,Other/Supportive Care
TINIDAZOLE,Other/Supportive Care
TIOPRONIN,Other/Supportive Care
TIOTROPIUM BR/OLODATEROL HCL,Respiratory/Pulmonary
TIOTROPIUM BROMIDE,Respiratory/Pulmonary
TIPRANAVIR,Other/Supportive Care
TIZANIDINE HCL,Other/Supportive Care
TOBRAMYCIN,Other/Supportive Care
TOBRAMYCIN IN 0.225% SOD CHLOR,Other/Supportive Care
TOBRAMYCIN SULFATE,Other/Supportive Care
TOBRAMYCIN/DEXAMETHASONE,Other/Supportive Care
TOBRAMYCIN/LOTEPRED ETAB,Other/Supportive Care
TOBRAMYCIN/NEBULIZER,Other/Supportive Care
TOCILIZUMAB,Immunosuppressants/Biologics
TOFACITINIB CITRATE,Other/Supportive Care
TOLAZAMIDE,Other/Supportive Care
TOLBUTAMIDE,Other/Supportive Care
TOLCAPONE,Other/Supportive Care
TOLMETIN SODIUM,Other/Supportive Care
TOLTERODINE TARTRATE,Other/Supportive Care
TOLVAPTAN,Other/Supportive Care
TOPIRAMATE,Neurological/Neuropsychiatric
TOPOTECAN HCL,Other/Supportive Care
TOREMIFENE CITRATE,Other/Supportive Care
TORSEMIDE,Other/Supportive Care
TRABECTEDIN,Other/Supportive Care
TRAMADOL HCL,Pain/Analgesics/Antiinflammatory
TRAMADOL HCL/ACETAMINOPHEN,Pain/Analgesics/Antiinflammatory
TRAMETINIB DIMETHYL SULFOXIDE,Other/Supportive Care
TRANDOLAPRIL,Other/Supportive Care
TRANDOLAPRIL/VERAPAMIL HCL,Cardiovascular
TRANEXAMIC ACID,Other/Supportive Care
TRANYLCYPROMINE SULFATE,Other/Supportive Care
TRASTUZUMAB,Oncology
TRAVOPROST,Other/Supportive Care
TRAVOPROST (BENZALKONIUM),Other/Supportive Care
TRAZODONE HCL,Other/Supportive Care
TREPROSTINIL DIOLAMINE,Other/Supportive Care
TREPROSTINIL SODIUM,Other/Supportive Care
TREPROSTINIL/NEB ACCESSORIES,Other/Supportive Care
TRETINOIN,Dermatological
TRETINOIN MICROSPHERES,Dermatological
TRIAMCINOLONE ACETONIDE,Dermatological
TRIAMCINOLONE ACETONIDE/PF,Dermatological
TRIAMTERENE,Other/Supportive Care
TRIAMTERENE/HYDROCHLOROTHIAZID,Other/Supportive Care
TRIAZOLAM,Other/Supportive Care
TRIENTINE HCL,Other/Supportive Care
TRIFLUOPERAZINE HCL,Other/Supportive Care
TRIFLURIDINE,Other/Supportive Care
TRIFLURIDINE/TIPIRACIL HCL,Other/Supportive Care
TRIHEXYPHENIDYL HCL,Other/Supportive Care
TRIMETHOBENZAMIDE HCL,Other/Supportive Care
TRIMETHOPRIM,Antibiotics/Antiinfectives
TRIMIPRAMINE MALEATE,Other/Supportive Care
TRIPTORELIN PAMOATE,Other/Supportive Care
TROPICAMIDE,Other/Supportive Care
TROSPIUM CHLORIDE,Other/Supportive Care
TYPHOID VI POLYSACCH VACCINE,Other/Supportive Care
ULIPRISTAL ACETATE,Other/Supportive Care
UMECLIDINIUM BRM/VILANTEROL TR,Respiratory/Pulmonary
UMECLIDINIUM BROMIDE,Respiratory/Pulmonary
UREA,Other/Supportive Care
URSODIOL,Other/Supportive Care
USTEKINUMAB,Immunosuppressants/Biologics
VALACYCLOVIR HCL,Antibiotics/Antiinfectives
VALBENAZINE TOSYLATE,Other/Supportive Care
VALGANCICLOVIR HCL,Antibiotics/Antiinfectives
VALPROIC ACID,Neurological/Neuropsychiatric
VALPROIC ACID (AS SODIUM SALT),Neurological/Neuropsychiatric
VALRUBICIN,Other/Supportive Care
VALSARTAN,Other/Supportive Care
VALSARTAN/HYDROCHLOROTHIAZIDE,Cardiovascular
VANCOMYCIN HCL,Antibiotics/Antiinfectives
VANCOMYCIN HCL IN 5 % DEXTROSE,Antibiotics/Antiinfectives
VANCOMYCIN/0.9 % SOD CHLORIDE,Antibiotics/Antiinfectives
VANDETANIB,Other/Supportive Care
VARDENAFIL HCL,Other/Supportive Care
VARENICLINE TARTRATE,Other/Supportive Care
VARICELLA VACCINE LIVE/PF,Other/Supportive Care
VARICELLA-ZOSTER GE/AS01B/PF,Other/Supportive Care
VASOPRESSIN,Other/Supportive Care
VEDOLIZUMAB,Immunosuppressants/Biologics
VELAGLUCERASE ALFA,Other/Supportive Care
VEMURAFENIB,Other/Supportive Care
VENETOCLAX,Other/Supportive Care
VENLAFAXINE HCL,Neurological/Neuropsychiatric
VERAPAMIL HCL,Cardiovascular
VERTEPORFIN,Other/Supportive Care
VIGABATRIN,Other/Supportive Care
VILAZODONE HCL,Other/Supportive Care
VINBLASTINE SULFATE,Other/Supportive Care
VINCRISTINE SULFATE,Other/Supportive Care
VINORELBINE TARTRATE,Other/Supportive Care
VISMODEGIB,Other/Supportive Care
VIT B COMP NO.3/FOLIC/C/BIOTIN,Other/Supportive Care
VORAPAXAR SULFATE,Other/Supportive Care
VORICONAZOLE,Other/Supportive Care
VORINOSTAT,Other/Supportive Care
VORTIOXETINE HYDROBROMIDE,Other/Supportive Care
WARFARIN SODIUM,Cardiovascular
"WATER FOR INJECTION,STERILE",Other/Supportive Care
"WATER FOR IRRIGATION,STERILE",Other/Supportive Care
WEED POLLEN-SHORT RAGWEED,Other/Supportive Care
YELLOW FEVER VACCINE LIVE/PF,Other/Supportive Care
ZAFIRLUKAST,Respiratory/Pulmonary
ZALEPLON,Other/Supportive Care
ZANAMIVIR,Antibiotics/Antiinfectives
ZICONOTIDE ACETATE,Other/Supportive Care
ZIDOVUDINE,Other/Supportive Care
ZILEUTON,Other/Supportive Care
ZIPRASIDONE HCL,Neurological/Neuropsychiatric
ZIPRASIDONE MESYLATE,Neurological/Neuropsychiatric
ZIV-AFLIBERCEPT,Other/Supportive Care
ZOLEDRONIC ACID,Other/Supportive Care
ZOLEDRONIC ACID/MANNITOL-WATER,Other/Supportive Care
ZOLMITRIPTAN,Other/Supportive Care
ZOLPIDEM TARTRATE,Other/Supportive Care
ZONISAMIDE,Other/Supportive Care
ZOSTER VACCINE LIVE/PF,Other/Supportive Care
